[03:45:40] [main/INFO]: Loading Minecraft 1.20.4 with Fabric Loader 0.15.7
[03:45:40] [ForkJoinPool-1-worker-12/WARN]: Mod cpm uses the version 0.6.15a which isn't compatible with Loader's extended semantic version format (Could not parse version number component '15a'!), SemVer is recommended for reliably evaluating dependencies and prioritizing newer version
[03:45:41] [main/WARN]: Warnings were found!
 - Mod 'Dynamic FPS' (dynamic_fps) 3.4.2 recommends any version of quilt_loader, which is missing!
	 - You should install any version of quilt_loader for the optimal experience.
[03:45:41] [main/INFO]: Loading 195 mods:
	- accurateblockplacement 1.2.1
	- advanced-xray-fabric 84.0.0
	- appleskin 2.5.1+mc1.20.3
	- architectury 11.1.13
	- autotools 2.0
	   |-- fabric-api-base 0.4.36+78d798af4f
	   |-- fabric-key-binding-api-v1 1.0.41+78d798af4f
	   \-- fabric-lifecycle-events-v1 2.3.0+a67ffb5d4f
	- balm-fabric 9.0.6
	- baritone 1.10.2
	   \-- dev_babbaj_nether-pathfinder 1.4.1
	- bedrockify 1.9.1+mc1.20.4
	   \-- panorama_screens 1.0+fabric+mc1.20.4
	- bedrockwaters 1.8.0+1.20.4
	   \-- carrotconfig 1.1.2+1.20.4
	- bettermounthud 1.2.2
	- betterpingdisplay 1.1.1
	- brb 1.10.0+1.20.4
	- c2me 0.2.0+alpha.11.58
	   |-- c2me-base 0.2.0+alpha.11.58
	   |-- c2me-client-uncapvd 0.2.0+alpha.11.58
	   |-- c2me-fixes-chunkio-threading-issues 0.2.0+alpha.11.58
	   |-- c2me-fixes-general-threading-issues 0.2.0+alpha.11.58
	   |-- c2me-fixes-worldgen-threading-issues 0.2.0+alpha.11.58
	   |-- c2me-fixes-worldgen-vanilla-bugs 0.2.0+alpha.11.58
	   |-- c2me-notickvd 0.2.0+alpha.11.58
	   |-- c2me-opts-allocs 0.2.0+alpha.11.58
	   |-- c2me-opts-chunk-access 0.2.0+alpha.11.58
	   |-- c2me-opts-chunkio 0.2.0+alpha.11.58
	   |-- c2me-opts-math 0.2.0+alpha.11.58
	   |-- c2me-opts-scheduling 0.2.0+alpha.11.58
	   |-- c2me-opts-worldgen-general 0.2.0+alpha.11.58
	   |-- c2me-opts-worldgen-vanilla 0.2.0+alpha.11.58
	   |-- c2me-rewrites-chunk-serializer 0.2.0+alpha.11.58
	   |-- c2me-rewrites-chunkio 0.2.0+alpha.11.58
	   |-- c2me-server-utils 0.2.0+alpha.11.58
	   |-- c2me-threading-chunkio 0.2.0+alpha.11.58
	   |-- c2me-threading-lighting 0.2.0+alpha.11.58
	   |-- c2me-threading-worldgen 0.2.0+alpha.11.58
	   |-- com_ibm_async_asyncutil 0.1.0
	   |-- net_objecthunter_exp4j 0.4.8
	   \-- org_threadly_threadly 7.0
	- chunksfadein 1.0.2-1.20.2
	   |-- com_moandjiezana_toml_toml4j 0.7.2
	   \-- crowdin-translate 1.4+1.19.3
	- cloth-config 13.0.121
	   \-- cloth-basic-math 0.6.1
	- completeconfig 2.5.3
	   |-- completeconfig-base 2.5.3
	   |-- completeconfig-gui-cloth 2.5.3
	   \-- completeconfig-gui-yacl 2.5.3
	- continuity 3.0.0-beta.4+1.20.2
	- controlling 15.0.3
	- cpm 0.6.15a
	- craftingtweaks 20.0.3
	- dark_title_bar 1.2
	- debugify 1.20.4+1.0
	- do_a_barrel_roll 3.3.8+1.20.4
	   |-- cicada 0.5.0+1.20.2-plus
	   |-- fabric-permissions-api-v0 0.2-SNAPSHOT
	   \-- mixinsquared 0.1.1
	- dynamic_fps 3.4.2
	- enhancedbookwriting 1.1.0+mc1.20.2
	- entityculling 1.6.3.1
	- except 1.0.0
	- exordium 1.2.1
	- fabric-api 0.96.4+1.20.4
	   |-- fabric-api-base 0.4.36+78d798af4f
	   |-- fabric-api-lookup-api-v1 1.6.49+82b1bb3e4f
	   |-- fabric-biome-api-v1 13.0.16+78d798af4f
	   |-- fabric-block-api-v1 1.0.16+3e2216cb4f
	   |-- fabric-block-view-api-v2 1.0.4+78d798af4f
	   |-- fabric-blockrenderlayer-v1 1.1.46+78d798af4f
	   |-- fabric-client-tags-api-v1 1.1.7+78d798af4f
	   |-- fabric-command-api-v1 1.2.41+f71b366f4f
	   |-- fabric-command-api-v2 2.2.20+78d798af4f
	   |-- fabric-commands-v0 0.2.58+df3654b34f
	   |-- fabric-containers-v0 0.1.86+df3654b34f
	   |-- fabric-content-registries-v0 5.0.14+78d798af4f
	   |-- fabric-convention-tags-v1 1.5.10+78d798af4f
	   |-- fabric-crash-report-info-v1 0.2.23+78d798af4f
	   |-- fabric-data-attachment-api-v1 1.1.3+b90db5744f
	   |-- fabric-data-generation-api-v1 13.2.3+5c0133444f
	   |-- fabric-dimensions-v1 2.1.61+78d798af4f
	   |-- fabric-entity-events-v1 1.6.1+09fc25014f
	   |-- fabric-events-interaction-v0 0.7.1+389931eb4f
	   |-- fabric-events-lifecycle-v0 0.2.74+df3654b34f
	   |-- fabric-game-rule-api-v1 1.0.46+78d798af4f
	   |-- fabric-item-api-v1 2.2.0+d6f2b0844f
	   |-- fabric-item-group-api-v1 4.0.25+58f8c0124f
	   |-- fabric-key-binding-api-v1 1.0.41+78d798af4f
	   |-- fabric-keybindings-v0 0.2.39+df3654b34f
	   |-- fabric-lifecycle-events-v1 2.3.0+a67ffb5d4f
	   |-- fabric-loot-api-v2 2.1.8+78d798af4f
	   |-- fabric-message-api-v1 6.0.5+78d798af4f
	   |-- fabric-mining-level-api-v1 2.1.64+78d798af4f
	   |-- fabric-model-loading-api-v1 1.0.8+78d798af4f
	   |-- fabric-models-v0 0.4.7+9386d8a74f
	   |-- fabric-networking-api-v1 3.1.7+2e5ac5484f
	   |-- fabric-object-builder-api-v1 13.0.13+080016e44f
	   |-- fabric-particles-v1 1.1.7+78d798af4f
	   |-- fabric-recipe-api-v1 2.0.20+78d798af4f
	   |-- fabric-registry-sync-v0 4.0.19+58f8c0124f
	   |-- fabric-renderer-api-v1 3.2.4+78d798af4f
	   |-- fabric-renderer-indigo 1.5.4+78d798af4f
	   |-- fabric-renderer-registries-v1 3.2.53+df3654b34f
	   |-- fabric-rendering-data-attachment-v1 0.3.42+73761d2e4f
	   |-- fabric-rendering-fluids-v1 3.1.1+e761c6694f
	   |-- fabric-rendering-v0 1.1.56+df3654b34f
	   |-- fabric-rendering-v1 3.2.0+6fd945a04f
	   |-- fabric-resource-conditions-api-v1 2.3.14+78d798af4f
	   |-- fabric-resource-loader-v0 0.11.19+58f8c0124f
	   |-- fabric-screen-api-v1 2.0.17+78d798af4f
	   |-- fabric-screen-handler-api-v1 1.3.55+78d798af4f
	   |-- fabric-sound-api-v1 1.0.17+78d798af4f
	   |-- fabric-transfer-api-v1 4.0.11+e84342304f
	   \-- fabric-transitive-access-wideners-v1 5.0.14+78d798af4f
	- fabric-language-kotlin 1.10.19+kotlin.1.9.23
	   |-- org_jetbrains_kotlin_kotlin-reflect 1.9.23
	   |-- org_jetbrains_kotlin_kotlin-stdlib 1.9.23
	   |-- org_jetbrains_kotlin_kotlin-stdlib-jdk7 1.9.23
	   |-- org_jetbrains_kotlin_kotlin-stdlib-jdk8 1.9.23
	   |-- org_jetbrains_kotlinx_atomicfu-jvm 0.23.2
	   |-- org_jetbrains_kotlinx_kotlinx-coroutines-core-jvm 1.8.0
	   |-- org_jetbrains_kotlinx_kotlinx-coroutines-jdk8 1.8.0
	   |-- org_jetbrains_kotlinx_kotlinx-datetime-jvm 0.5.0
	   |-- org_jetbrains_kotlinx_kotlinx-serialization-cbor-jvm 1.6.3
	   |-- org_jetbrains_kotlinx_kotlinx-serialization-core-jvm 1.6.3
	   \-- org_jetbrains_kotlinx_kotlinx-serialization-json-jvm 1.6.3
	- fabricloader 0.15.7
	   \-- mixinextras 0.3.5
	- fallingleaves 1.15.4
	- fastipping 1.0.1
	- ferritecore 6.0.3
	- forgeconfigapiport 20.4.3
	   |-- com_electronwill_night-config_core 3.6.6
	   \-- com_electronwill_night-config_toml 3.6.6
	- freecam 1.2.3
	- immediatelyfast 1.2.10+1.20.4
	   \-- net_lenni0451_reflect 1.3.2
	- indium 1.0.30+mc1.20.4
	- iris 1.6.17
	   |-- io_github_douira_glsl-transformer 2.0.0-pre13
	   |-- org_anarres_jcpp 1.4.14
	   \-- org_antlr_antlr4-runtime 4.11.1
	- java 17
	- jei 17.3.0.49
	- justenoughprofessions 3.2.0
	- krypton 0.2.6
	   \-- com_velocitypowered_velocity-native 3.2.0-SNAPSHOT
	- lambdynlights 2.3.4+1.20.4
	   |-- pride 1.2.0+1.19.4
	   \-- spruceui 5.0.3+1.20.2
	- languagereload 1.5.10+1.20.3
	- legacy_bows 1.0.7
	- lithium 0.12.1
	- malilib 0.18.1
	- memoryleakfix 1.1.5
	- minecraft 1.20.4
	- mixintrace 1.1.1+1.17
	- modelfix 1.14
	- modmenu 9.0.0
	- moonlight 1.20.4-2.10.3
	- multibind 1.0.0+1.20.4
	- nochatreports 1.20.4-v2.5.0
	- noisium 1.0.2+mc1.20.x
	- nvidium 0.2.6-beta
	- pickblockpro 1.8.27
	- pickblockstate 1.0.0+1.20.3
	- pickmoreblocks 1.0.2+1.20.3
	- pickupnotifier 20.4.2
	- puzzleslib 20.4.36
	- quickshulker 1.4.1-1.20.4
	   |-- kyrptconfig 1.5.8-1.20.4
	   \-- shulkerutils 1.0.4-1.19
	- reeses-sodium-options 1.7.2+mc1.20.4-build.102
	- searchables 1.0.6
	- sodium 0.5.8+mc1.20.4
	- sodium-extra 0.5.4+mc1.20.4-build.116
	   |-- caffeineconfig 1.3.0+1.17
	   \-- crowdin-translate 1.4+1.19.3
	- sodiumcoreshadersupport 1.0.0
	- sspb 3.2.1
	- stackdeobfuscator 1.4.2+bf1fc22
	   |-- dev_booky_common_ 1.4.2+bf1fc22
	   \-- net_fabricmc_mapping-io 0.3.0
	- threadtweak 1.20.4-0.1.2
	- xaerominimap 23.9.7
	- xaeroworldmap 1.37.8
	- xenon 4.5.1+1.20.4
	- yet_another_config_lib_v3 3.3.2+1.20.4
	   |-- com_twelvemonkeys_common_common-image 3.10.0
	   |-- com_twelvemonkeys_common_common-io 3.10.0
	   |-- com_twelvemonkeys_common_common-lang 3.10.0
	   |-- com_twelvemonkeys_imageio_imageio-core 3.10.0
	   |-- com_twelvemonkeys_imageio_imageio-metadata 3.10.0
	   |-- com_twelvemonkeys_imageio_imageio-webp 3.10.0
	   |-- org_quiltmc_parsers_gson 0.2.1
	   \-- org_quiltmc_parsers_json 0.2.1
[03:45:41] [main/INFO]: SpongePowered MIXIN Subsystem Version=0.8.5 Source=file:/workspace/PrismLauncher/libraries/net/fabricmc/sponge-mixin/0.12.5+mixin.0.8.5/sponge-mixin-0.12.5+mixin.0.8.5.jar Service=Knot/Fabric Env=CLIENT
[03:45:41] [main/INFO]: Compatibility level set to JAVA_17
[03:45:42] [main/INFO]: Initializing com.ishland.c2me.base.mixin
[03:45:42] [main/INFO]: Global Executor Parallelism: 1 configured, 1 evaluated, 1 default evaluated
[03:45:42] [main/INFO]: Initializing com.ishland.c2me.client.uncapvd.mixin
[03:45:42] [main/INFO]: Initializing com.ishland.c2me.fixes.chunkio.threading_issues.mixin
[03:45:42] [main/INFO]: Initializing com.ishland.c2me.fixes.general.threading_issues.mixin
[03:45:42] [main/INFO]: Initializing com.ishland.c2me.fixes.worldgen.threading_issues.mixin
[03:45:42] [main/INFO]: Initializing com.ishland.c2me.fixes.worldgen.vanilla_bugs.mixin
[03:45:42] [main/INFO]: Initializing com.ishland.c2me.notickvd.mixin
[03:45:42] [main/INFO]: Initializing com.ishland.c2me.opts.allocs.mixin
[03:45:42] [main/INFO]: Initializing com.ishland.c2me.opts.chunk_access.mixin
[03:45:42] [main/INFO]: Initializing com.ishland.c2me.opts.chunkio.mixin
[03:45:42] [main/INFO]: Initializing com.ishland.c2me.opts.math.mixin
[03:45:42] [main/INFO]: Initializing com.ishland.c2me.opts.scheduling.mixin
[03:45:42] [main/INFO]: Initializing com.ishland.c2me.opts.worldgen.general.mixin
[03:45:42] [main/INFO]: Initializing com.ishland.c2me.opts.worldgen.vanilla.mixin
[03:45:42] [main/INFO]: Initializing com.ishland.c2me.rewrites.chunk_serializer.mixin
[03:45:42] [main/INFO]: Disabling config ioSystem.gcFreeChunkSerializer: Incompatible with architectury@11.1.13 (*) (defined in c2me)
[03:45:42] [main/INFO]: Disabling com.ishland.c2me.rewrites.chunk_serializer.mixin
[03:45:42] [main/INFO]: Initializing com.ishland.c2me.rewrites.chunkio.mixin
[03:45:42] [main/INFO]: Disabling com.ishland.c2me.rewrites.chunkio.mixin
[03:45:42] [main/INFO]: Initializing com.ishland.c2me.server.utils.mixin
[03:45:42] [main/INFO]: Initializing com.ishland.c2me.threading.chunkio.mixin
[03:45:42] [main/INFO]: Initializing com.ishland.c2me.threading.lighting.mixin
[03:45:42] [main/INFO]: Initializing com.ishland.c2me.threading.worldgen.mixin
[03:45:42] [main/INFO]: Disabling com.ishland.c2me.threading.worldgen.mixin
[03:45:42] [main/WARN]: Reference map 'craftingtweaks.refmap.json' for craftingtweaks.mixins.json could not be read. If this is a development environment you can ignore this message
[03:45:42] [main/WARN]: Reference map 'craftingtweaks.refmap.json' for craftingtweaks.fabric.mixins.json could not be read. If this is a development environment you can ignore this message
[03:45:42] [main/INFO]: Preloading Debugify
[03:45:42] [main/WARN]: Reference map 'ForgeConfigAPIPort-Common-refmap.json' for forgeconfigapiport.common.mixins.json could not be read. If this is a development environment you can ignore this message
[03:45:42] [main/WARN]: Reference map 'freecam-fabric-fabric-refmap.json' for freecam-fabric.mixins.json could not be read. If this is a development environment you can ignore this message
[03:45:42] [main/WARN]: Mod 'c2me' attempted to override option 'mixin.world.player_chunk_tick', which doesn't exist, ignoring
[03:45:43] [main/INFO]: Loaded configuration file for Lithium: 129 options available, 1 override(s) found
[03:45:43] [main/WARN]: Reference map 'memoryleakfix-fabric-1.17+-fabric-refmap.json' for memoryleakfix-fabric.mixins.json could not be read. If this is a development environment you can ignore this message
[03:45:43] [main/WARN]: Reference map 'panorama_screens-fabric-refmap.json' for panorama_screen.mixins.json could not be read. If this is a development environment you can ignore this message
[03:45:43] [main/WARN]: Reference map 'pickupnotifier.fabric.refmap.json' for pickupnotifier.fabric.mixins.json could not be read. If this is a development environment you can ignore this message
[03:45:43] [main/INFO]: Loaded configuration file for Sodium: 42 options available, 3 override(s) found
[03:45:43] [main/INFO]: Loaded configuration file for Sodium Extra: 34 options available, 0 override(s) found
[03:45:43] [main/WARN]: Error loading class: net/caffeinemc/sodium/config/user/UserConfigCategories (java.lang.ClassNotFoundException: net/caffeinemc/sodium/config/user/UserConfigCategories)
[03:45:44] [main/WARN]: Force disabled MC-176559 because it's conflicting with: fabric-api
[03:45:44] [main/WARN]: Force disabled MC-22882 because it only applies to OS: MAC
[03:45:44] [main/WARN]: Force-disabling mixin 'alloc.blockstate.StateMixin' as rule 'mixin.alloc.blockstate' (added by mods [ferritecore]) disables it and children
[03:45:45] [main/WARN]: Force-disabling mixin 'features.render.entity.CuboidMixin' as rule 'mixin.features.render.entity' (added by mods [iris]) disables it and children
[03:45:45] [main/WARN]: Force-disabling mixin 'features.render.entity.ModelPartMixin' as rule 'mixin.features.render.entity' (added by mods [iris]) disables it and children
[03:45:45] [main/WARN]: Force-disabling mixin 'features.render.entity.cull.EntityRendererMixin' as rule 'mixin.features.render.entity' (added by mods [iris]) disables it and children
[03:45:45] [main/WARN]: Force-disabling mixin 'features.render.entity.shadows.EntityRenderDispatcherMixin' as rule 'mixin.features.render.entity' (added by mods [iris]) disables it and children
[03:45:45] [main/WARN]: Force-disabling mixin 'features.render.gui.font.GlyphRendererMixin' as rule 'mixin.features.render.gui.font' (added by mods [iris]) disables it and children
[03:45:45] [main/WARN]: Force-disabling mixin 'features.render.world.sky.BackgroundRendererMixin' as rule 'mixin.features.render.world.sky' (added by mods [iris]) disables it and children
[03:45:45] [main/WARN]: Force-disabling mixin 'features.render.world.sky.ClientWorldMixin' as rule 'mixin.features.render.world.sky' (added by mods [iris]) disables it and children
[03:45:45] [main/WARN]: Force-disabling mixin 'features.render.world.sky.WorldRendererMixin' as rule 'mixin.features.render.world.sky' (added by mods [iris]) disables it and children
[03:45:45] [main/INFO]: [SSPB] Indium detected. Option to toggle vanilla path block lighting will be enabled unless modded dirt path rendering is detected
[03:45:45] [main/INFO]: [MemoryLeakFix] Will be applying 3 memory leak fixes!
[03:45:45] [main/INFO]: [MemoryLeakFix] Currently enabled memory leak fixes: [targetEntityLeak, biomeTemperatureLeak, hugeScreenshotLeak]
[03:45:45] [main/WARN]: Error loading class: net/caffeinemc/sodium/config/user/UserConfigCategories (java.lang.ClassNotFoundException: net/caffeinemc/sodium/config/user/UserConfigCategories)
[03:45:45] [main/WARN]: Error loading class: net/caffeinemc/sodium/config/user/UserConfigCategories (java.lang.ClassNotFoundException: net/caffeinemc/sodium/config/user/UserConfigCategories)
[03:45:46] [main/WARN]: Error loading class: org/jetbrains/annotations/ApiStatus$Internal (java.lang.ClassNotFoundException: org/jetbrains/annotations/ApiStatus$Internal)
[03:45:47] [main/INFO]: Searching for graphics cards...
[03:45:47] [main/INFO]: Initializing MixinExtras via com.llamalad7.mixinextras.service.MixinExtrasServiceImpl(version=0.3.5).
[03:45:47] [main/WARN]: No graphics cards were found. Either you have no hardware devices supporting 3D acceleration, or something has gone terribly wrong!
[03:45:48] [main/INFO]: Beginning pre-launch initialisation!
[03:45:48] [main/INFO]: ThreadTweak config initialized
[03:45:56] [main/WARN]: Unrecognized user type: offline
[03:45:57] [Render thread/INFO]: Environment: Environment[sessionHost=https://sessionserver.mojang.com, servicesHost=https://api.minecraftservices.com, name=PROD]
[03:45:57] [Render thread/INFO]: Setting user: kyrabluedragon
[03:45:57] [Render thread/INFO]: Initializing BedrockIfy.
[03:45:57] [Render thread/INFO]: BetterPingDisplay mod loaded
[03:45:57] [Render thread/INFO]: Registering book brb:brewing_stand
[03:45:57] [Render thread/INFO]: Registering book brb:smithing_table
[03:45:57] [Render thread/INFO]: Loading Potions...
[03:45:57] [Download-2/ERROR]: Failed to fetch user properties
com.mojang.authlib.exceptions.InvalidCredentialsException: Status: 401
	at com.mojang.authlib.exceptions.MinecraftClientHttpException.toAuthenticationException(MinecraftClientHttpException.java:59) ~[authlib-6.0.52.jar:?]
	at com.mojang.authlib.yggdrasil.YggdrasilUserApiService.fetchProperties(YggdrasilUserApiService.java:150) ~[authlib-6.0.52.jar:?]
	at net.minecraft.class_310.method_55608(class_310.java:467) ~[client-intermediary.jar:?]
	at java.util.concurrent.CompletableFuture$AsyncSupply.run(CompletableFuture.java:1768) ~[?:?]
	at java.util.concurrent.ThreadPoolExecutor.runWorker(ThreadPoolExecutor.java:1136) ~[?:?]
	at java.util.concurrent.ThreadPoolExecutor$Worker.run(ThreadPoolExecutor.java:635) ~[?:?]
	at java.lang.Thread.run(Thread.java:833) ~[?:?]
Caused by: com.mojang.authlib.exceptions.MinecraftClientHttpException: Status: 401
	at com.mojang.authlib.minecraft.client.MinecraftClient.readInputStream(MinecraftClient.java:100) ~[authlib-6.0.52.jar:?]
	at com.mojang.authlib.minecraft.client.MinecraftClient.get(MinecraftClient.java:57) ~[authlib-6.0.52.jar:?]
	at com.mojang.authlib.yggdrasil.YggdrasilUserApiService.fetchProperties(YggdrasilUserApiService.java:121) ~[authlib-6.0.52.jar:?]
	... 5 more
[03:45:57] [Render thread/INFO]: Customizable Player Models Initialized
[03:45:57] [Render thread/INFO]: Customizable Player Models API initialized: Loaded plugins: (0)

[03:45:57] [Render thread/INFO]: Enabled 62 bug fixes: [MC-577, MC-2025, MC-4490, MC-7569, MC-8187, MC-12829, MC-14923, MC-22882, MC-30391, MC-31819, MC-46766, MC-55347, MC-69216, MC-72151, MC-79545, MC-80859, MC-88371, MC-89146, MC-90683, MC-93018, MC-93384, MC-100991, MC-108948, MC-111516, MC-112730, MC-116379, MC-119417, MC-119754, MC-121706, MC-121903, MC-122477, MC-122627, MC-124117, MC-127970, MC-129909, MC-132878, MC-135971, MC-143474, MC-155509, MC-159163, MC-160095, MC-165381, MC-176559, MC-179072, MC-183776, MC-183990, MC-193343, MC-197260, MC-199467, MC-200418, MC-206922, MC-215530, MC-215531, MC-217716, MC-223153, MC-224729, MC-227169, MC-231097, MC-231743, MC-232869, MC-237493, MC-263865]
[03:45:57] [Render thread/INFO]: Successfully Debugify'd your game!
[03:45:57] [Render thread/INFO]: Hello Fabric world!
[03:45:57] [Render thread/INFO]: ping & connect fast!
[03:45:57] [Cicada thread 0/INFO]: [Library Quote of the Day] 'maybe the real modding elite were the friends we made along the way'
[03:45:57] [Render thread/INFO]: Compression will use libdeflate (Linux x86_64), encryption will use OpenSSL 3.0.x (Linux x86_64)
[03:45:58] [Render thread/INFO]: Loaded config moonlight-client.json
[03:45:58] [Render thread/INFO]: Loading Noisium.
[03:45:58] [Render thread/INFO]: Constructing common components for pickupnotifier:main
[03:45:58] [Render thread/INFO]: Loading client config for pickupnotifier
[03:45:58] [Thread-7/INFO]: Reloading client config for pickupnotifier
[03:45:58] [Thread-7/INFO]: Reloading client config for pickupnotifier
[03:45:58] [Render thread/INFO]: Constructing common components for puzzleslib:main
[03:45:58] [Render thread/INFO]: Creating asynchronous mapping cache executor...
[03:45:58] [Mappings Cache Thread #1/INFO]: Verifying cache of yarn mappings...
[03:45:58] [Mappings Cache Thread #1/INFO]: Latest build for yarn is already cached (0 hour(s) ago, refresh in 48 hour(s))
[03:45:58] [Mappings Cache Thread #1/INFO]: Mappings for yarn build 1.20.4+build.3 are already downloaded
[03:45:58] [Mappings Cache Thread #1/INFO]: Verified cache of yarn mappings (took 3ms)
[03:45:58] [Mappings Cache Thread #1/INFO]: Parsing yarn mappings...
[03:45:58] [Render thread/INFO]: XRay mod has been initialized
[03:45:58] [Render thread/INFO]: Registering S2C receiver with id architectury:spawn_entity_packet
[03:45:58] [Render thread/INFO]: Loaded custom block configs: []
[03:45:58] [Render thread/INFO]: Initializing BedrockIfy Client.
[03:45:58] [Mappings Cache Thread #1/INFO]: Parsed yarn mappings (took 155ms)
[03:45:58] [Mappings Cache Thread #1/INFO]: Caching yarn mappings...
[03:45:58] [Mappings Cache Thread #1/INFO]: Cached yarn mappings (took 88ms)
[03:45:58] [Mappings Cache Thread #1/INFO]: Cached mappings have been built (took 250ms)
[03:45:58] [Mappings Cache Thread #1/INFO]:   Classes: 7057
[03:45:58] [Mappings Cache Thread #1/INFO]:   Methods: 25777
[03:45:58] [Mappings Cache Thread #1/INFO]:   Fields: 30191
[03:45:58] [ForkJoinPool.commonPool-worker-1/INFO]: Shutting down asynchronous mapping cache executor...
[03:45:58] [ForkJoinPool.commonPool-worker-1/INFO]: Injecting into root logger...
[03:45:58] [Render thread/INFO]: Initialized BedrockIfy Client
[03:45:58] [Render thread/INFO]: bedrockwaters initialized!
[03:45:58] [Render thread/INFO]: Loaded configuration for bedrockwaters!
[03:45:58] [Render thread/INFO]: Customizable Player Models Client Init started
[03:45:58] [pool-6-thread-1/INFO]: [VersionChecker] Starting CPM version checker...
[03:45:58] [Render thread/INFO]: Iris detected, enabling iris compatibility
[03:45:58] [pool-6-thread-1/INFO]: [VersionChecker] Current: 0.6.15a Target: 0.6.15a Up-to-date
[03:45:58] [Render thread/INFO]: Customizable Player Models Client Initialized
[03:45:58] [Render thread/INFO]: Loading Description Cache
[03:45:58] [Render thread/INFO]: Dynamic FPS 3.4.2 active on Fabric!
[03:45:59] [Render thread/INFO]: [Indigo] Different rendering plugin detected; not applying Indigo.
[03:45:59] [Render thread/INFO]: Sending ConfigManager...
[03:45:59] [Render thread/INFO]: Sending ConfigManager took 2.063 ms
[03:45:59] [Render thread/INFO]: Krypton is now accelerating your Minecraft client's networking stack 🚀
[03:45:59] [Render thread/INFO]: Note that Krypton is most effective on servers, not the client.
[03:45:59] [Render thread/INFO]: [LambDynLights] Initializing LambDynamicLights...
[03:45:59] [Render thread/INFO]: [LambDynLights] Configuration loaded.
[03:45:59] [Worker-Main-1/INFO]: Checking mod updates...
[03:45:59] [Render thread/INFO]: Initialized block sets in 18ms
[03:45:59] [Render thread/INFO]: Initialized color sets in 17ms
[03:45:59] [Render thread/INFO]: Loaded 4 block overrides and encountered 0 errors
[03:45:59] [Render thread/INFO]: Loaded 6 entity overrides and encountered 0 errors
[03:45:59] [Render thread/INFO]: PickMoreBlocks initialized. Pick your battles!
[03:45:59] [Render thread/INFO]: Constructing client components for pickupnotifier:main
[03:45:59] [Render thread/INFO]: Constructing client components for puzzleslib:main
[03:45:59] [Render thread/INFO]: Loading shaders...
[03:45:59] [Render thread/INFO]: [SSPB] Broken dirt path lighting is best dirt path lighting lol
[03:45:59] [Render thread/INFO]: Loading Xaero's Minimap - Stage 1/2
[03:45:59] [Render thread/INFO]: Loading Xaero's World Map - Stage 1/2
[03:46:00] [Worker-Main-1/INFO]: Update available for 'xaeroworldmap@1.37.8', (-> 1.38.1_Fabric_1.20.4)
[03:46:00] [Worker-Main-1/INFO]: Update available for 'fabric-api@0.96.4+1.20.4', (-> 0.96.11+1.20.4)
[03:46:00] [Worker-Main-1/INFO]: Update available for 'xaerominimap@23.9.7', (-> 24.0.2_Fabric_1.20.4)
[03:46:00] [Worker-Main-1/INFO]: Update available for 'puzzleslib@20.4.36', (-> v20.4.40-1.20.4-Fabric)
[03:46:00] [Worker-Main-1/INFO]: Update available for 'architectury@11.1.13', (-> 11.1.17+fabric)
[03:46:00] [Render thread/INFO]: Hello Fabric world!
[03:46:00] [Render thread/WARN]: CompleteConfig not detected! Some features will not work properly.
[03:46:00] [Render thread/INFO]: CommandProcessor enabled!
[03:46:00] [Render thread/INFO]: FeatureList enabled!
[03:46:01] [Render thread/INFO]: Backend library: LWJGL version 3.3.2-snapshot
[03:46:01] [Render thread/WARN]: Not all requirements met, disabling nvidium
[03:46:01] [Render thread/INFO]: OpenGL Vendor: Mesa/X.org
[03:46:01] [Render thread/INFO]: OpenGL Renderer: llvmpipe (LLVM 15.0.7, 256 bits)
[03:46:01] [Render thread/INFO]: OpenGL Version: 4.5 (Core Profile) Mesa 22.2.5-0ubuntu0.1~22.04.3
[03:46:01] [Render thread/INFO]: Initializing ImmediatelyFast 1.2.10+1.20.4 on llvmpipe (LLVM 15.0.7, 256 bits) (Mesa/X.org) with OpenGL 4.5 (Core Profile) Mesa 22.2.5-0ubuntu0.1~22.04.3
[03:46:01] [ForkJoinPool.commonPool-worker-1/WARN]: [Iris Update Check] This version doesn't have an update index, skipping.
[03:46:01] [Render thread/INFO]: Found Iris/Oculus 1.6.17. Enabling compatibility.
[03:46:01] [Render thread/INFO]: Debug functionality is disabled.
[03:46:01] [Render thread/INFO]: OpenGL 4.5 detected, enabling DSA.
[03:46:01] [Render thread/WARN]: Unable to resolve shader pack option menu element "TF_AURORAS" defined in shaders.properties
[03:46:01] [Render thread/WARN]: Unable to resolve shader pack option menu element "TF_HORIZON_HEIGHT" defined in shaders.properties
[03:46:01] [Render thread/WARN]: Unable to resolve shader pack option menu element "END_PORTAL_EFFECTS_TF" defined in shaders.properties
[03:46:01] [Render thread/WARN]: Unable to resolve shader pack option menu element "END_PORTAL_BACKGROUND_TF" defined in shaders.properties
[03:46:01] [Render thread/WARN]: Unable to resolve shader pack option menu element "END_PORTAL_FOREGROUND_TF" defined in shaders.properties
[03:46:01] [Render thread/WARN]: Unable to resolve shader pack option menu element "END_PORTAL_CLOUDS_TF" defined in shaders.properties
[03:46:01] [Render thread/WARN]: Unable to resolve shader pack option menu element "TF_SKY_FIX" defined in shaders.properties
[03:46:01] [Render thread/WARN]: Unable to resolve shader pack option menu element "EYE_ADJUST_TF_DARK" defined in shaders.properties
[03:46:01] [Render thread/WARN]: Unable to resolve shader pack option menu element "EYE_ADJUST_TF_LIGHT" defined in shaders.properties
[03:46:01] [Render thread/WARN]: Unable to resolve shader pack option menu element "FOG_ENABLED_TF" defined in shaders.properties
[03:46:01] [Render thread/WARN]: Unable to resolve shader pack option menu element "FOG_DISTANCE_MULTIPLIER_TF" defined in shaders.properties
[03:46:01] [Render thread/INFO]: Profile: Custom (+4 options changed by user)
[03:46:02] [Render thread/INFO]: Using shaderpack: Builder's QOL Shaders V2.10.0.zip
[03:46:02] [Render thread/INFO]: Hardware information:
[03:46:02] [Render thread/INFO]: CPU: 16x AMD EPYC 7B13
[03:46:02] [Render thread/INFO]: GPU: llvmpipe (LLVM 15.0.7, 256 bits) (Supports OpenGL 4.5 (Core Profile) Mesa 22.2.5-0ubuntu0.1~22.04.3)
[03:46:02] [Render thread/INFO]: OS: Linux (6.1.75-060175-generic)
[03:46:02] [Render thread/ERROR]: Error while loading the narrator
com.mojang.text2speech.Narrator$InitializeException: Failed to load library flite
	at com.mojang.text2speech.NarratorLinux$FliteLibrary.loadNative(NarratorLinux.java:69) ~[text2speech-1.17.9.jar:?]
	at com.mojang.text2speech.NarratorLinux.<init>(NarratorLinux.java:18) ~[text2speech-1.17.9.jar:?]
	at com.mojang.text2speech.Narrator.getNarrator(Narrator.java:41) ~[text2speech-1.17.9.jar:?]
	at net.minecraft.client.util.NarratorManager.<init>(NarratorManager.java:19) ~[client-intermediary.jar:?]
	at net.minecraft.client.MinecraftClient.<init>(MinecraftClient.java:684) ~[client-intermediary.jar:?]
	at net.minecraft.client.main.Main.main(Main.java:223) ~[minecraft-1.20.4-client.jar:?]
	at net.fabricmc.loader.impl.game.minecraft.MinecraftGameProvider.launch(MinecraftGameProvider.java:470) ~[fabric-loader-0.15.7.jar:?]
	at net.fabricmc.loader.impl.launch.knot.Knot.launch(Knot.java:74) ~[fabric-loader-0.15.7.jar:?]
	at net.fabricmc.loader.impl.launch.knot.KnotClient.main(KnotClient.java:23) ~[fabric-loader-0.15.7.jar:?]
	at org.prismlauncher.launcher.impl.StandardLauncher.launch(StandardLauncher.java:87) ~[NewLaunch.jar:?]
	at org.prismlauncher.EntryPoint.listen(EntryPoint.java:129) ~[NewLaunch.jar:?]
	at org.prismlauncher.EntryPoint.main(EntryPoint.java:70) ~[NewLaunch.jar:?]
Caused by: java.lang.UnsatisfiedLinkError: Unable to load library 'flite':
libflite.so: cannot open shared object file: No such file or directory
libflite.so: cannot open shared object file: No such file or directory
Native library (linux-x86-64/libflite.so) not found in resource path (/workspace/PrismLauncher/share/PrismLauncher/NewLaunch.jar:/workspace/PrismLauncher/libraries/org/lwjgl/lwjgl-freetype-natives-linux/3.3.2/lwjgl-freetype-natives-linux-3.3.2.jar:/workspace/PrismLauncher/libraries/org/lwjgl/lwjgl-freetype/3.3.2/lwjgl-freetype-3.3.2.jar:/workspace/PrismLauncher/libraries/org/lwjgl/lwjgl-glfw-natives-linux/3.3.2/lwjgl-glfw-natives-linux-3.3.2.jar:/workspace/PrismLauncher/libraries/org/lwjgl/lwjgl-glfw/3.3.2/lwjgl-glfw-3.3.2.jar:/workspace/PrismLauncher/libraries/org/lwjgl/lwjgl-jemalloc-natives-linux/3.3.2/lwjgl-jemalloc-natives-linux-3.3.2.jar:/workspace/PrismLauncher/libraries/org/lwjgl/lwjgl-jemalloc/3.3.2/lwjgl-jemalloc-3.3.2.jar:/workspace/PrismLauncher/libraries/org/lwjgl/lwjgl-natives-linux/3.3.2/lwjgl-natives-linux-3.3.2.jar:/workspace/PrismLauncher/libraries/org/lwjgl/lwjgl-openal-natives-linux/3.3.2/lwjgl-openal-natives-linux-3.3.2.jar:/workspace/PrismLauncher/libraries/org/lwjgl/lwjgl-openal/3.3.2/lwjgl-openal-3.3.2.jar:/workspace/PrismLauncher/libraries/org/lwjgl/lwjgl-opengl-natives-linux/3.3.2/lwjgl-opengl-natives-linux-3.3.2.jar:/workspace/PrismLauncher/libraries/org/lwjgl/lwjgl-opengl/3.3.2/lwjgl-opengl-3.3.2.jar:/workspace/PrismLauncher/libraries/org/lwjgl/lwjgl-stb-natives-linux/3.3.2/lwjgl-stb-natives-linux-3.3.2.jar:/workspace/PrismLauncher/libraries/org/lwjgl/lwjgl-stb/3.3.2/lwjgl-stb-3.3.2.jar:/workspace/PrismLauncher/libraries/org/lwjgl/lwjgl-tinyfd-natives-linux/3.3.2/lwjgl-tinyfd-natives-linux-3.3.2.jar:/workspace/PrismLauncher/libraries/org/lwjgl/lwjgl-tinyfd/3.3.2/lwjgl-tinyfd-3.3.2.jar:/workspace/PrismLauncher/libraries/org/lwjgl/lwjgl/3.3.2/lwjgl-3.3.2.jar:/workspace/PrismLauncher/libraries/com/github/oshi/oshi-core/6.4.5/oshi-core-6.4.5.jar:/workspace/PrismLauncher/libraries/com/google/code/gson/gson/2.10.1/gson-2.10.1.jar:/workspace/PrismLauncher/libraries/com/google/guava/failureaccess/1.0.1/failureaccess-1.0.1.jar:/workspace/PrismLauncher/libraries/com/google/guava/guava/32.1.2-jre/guava-32.1.2-jre.jar:/workspace/PrismLauncher/libraries/com/ibm/icu/icu4j/73.2/icu4j-73.2.jar:/workspace/PrismLauncher/libraries/com/mojang/authlib/6.0.52/authlib-6.0.52.jar:/workspace/PrismLauncher/libraries/com/mojang/blocklist/1.0.10/blocklist-1.0.10.jar:/workspace/PrismLauncher/libraries/com/mojang/brigadier/1.2.9/brigadier-1.2.9.jar:/workspace/PrismLauncher/libraries/com/mojang/datafixerupper/6.0.8/datafixerupper-6.0.8.jar:/workspace/PrismLauncher/libraries/com/mojang/logging/1.1.1/logging-1.1.1.jar:/workspace/PrismLauncher/libraries/com/mojang/patchy/2.2.10/patchy-2.2.10.jar:/workspace/PrismLauncher/libraries/com/mojang/text2speech/1.17.9/text2speech-1.17.9.jar:/workspace/PrismLauncher/libraries/commons-codec/commons-codec/1.16.0/commons-codec-1.16.0.jar:/workspace/PrismLauncher/libraries/commons-io/commons-io/2.13.0/commons-io-2.13.0.jar:/workspace/PrismLauncher/libraries/commons-logging/commons-logging/1.2/commons-logging-1.2.jar:/workspace/PrismLauncher/libraries/io/netty/netty-buffer/4.1.97.Final/netty-buffer-4.1.97.Final.jar:/workspace/PrismLauncher/libraries/io/netty/netty-codec/4.1.97.Final/netty-codec-4.1.97.Final.jar:/workspace/PrismLauncher/libraries/io/netty/netty-common/4.1.97.Final/netty-common-4.1.97.Final.jar:/workspace/PrismLauncher/libraries/io/netty/netty-handler/4.1.97.Final/netty-handler-4.1.97.Final.jar:/workspace/PrismLauncher/libraries/io/netty/netty-resolver/4.1.97.Final/netty-resolver-4.1.97.Final.jar:/workspace/PrismLauncher/libraries/io/netty/netty-transport-classes-epoll/4.1.97.Final/netty-transport-classes-epoll-4.1.97.Final.jar:/workspace/PrismLauncher/libraries/io/netty/netty-transport-native-epoll/4.1.97.Final/netty-transport-native-epoll-4.1.97.Final-linux-aarch_64.jar:/workspace/PrismLauncher/libraries/io/netty/netty-transport-native-epoll/4.1.97.Final/netty-transport-native-epoll-4.1.97.Final-linux-x86_64.jar:/workspace/PrismLauncher/libraries/io/netty/netty-transport-native-unix-common/4.1.97.Final/netty-transport-native-unix-common-4.1.97.Final.jar:/workspace/PrismLauncher/libraries/io/netty/netty-transport/4.1.97.Final/netty-transport-4.1.97.Final.jar:/workspace/PrismLauncher/libraries/it/unimi/dsi/fastutil/8.5.12/fastutil-8.5.12.jar:/workspace/PrismLauncher/libraries/net/java/dev/jna/jna-platform/5.13.0/jna-platform-5.13.0.jar:/workspace/PrismLauncher/libraries/net/java/dev/jna/jna/5.13.0/jna-5.13.0.jar:/workspace/PrismLauncher/libraries/net/sf/jopt-simple/jopt-simple/5.0.4/jopt-simple-5.0.4.jar:/workspace/PrismLauncher/libraries/org/apache/commons/commons-compress/1.22/commons-compress-1.22.jar:/workspace/PrismLauncher/libraries/org/apache/commons/commons-lang3/3.13.0/commons-lang3-3.13.0.jar:/workspace/PrismLauncher/libraries/org/apache/httpcomponents/httpclient/4.5.13/httpclient-4.5.13.jar:/workspace/PrismLauncher/libraries/org/apache/httpcomponents/httpcore/4.4.16/httpcore-4.4.16.jar:/workspace/PrismLauncher/libraries/org/apache/logging/log4j/log4j-api/2.19.0/log4j-api-2.19.0.jar:/workspace/PrismLauncher/libraries/org/apache/logging/log4j/log4j-core/2.19.0/log4j-core-2.19.0.jar:/workspace/PrismLauncher/libraries/org/apache/logging/log4j/log4j-slf4j2-impl/2.19.0/log4j-slf4j2-impl-2.19.0.jar:/workspace/PrismLauncher/libraries/org/joml/joml/1.10.5/joml-1.10.5.jar:/workspace/PrismLauncher/libraries/org/slf4j/slf4j-api/2.0.7/slf4j-api-2.0.7.jar:/workspace/PrismLauncher/libraries/net/fabricmc/intermediary/1.20.4/intermediary-1.20.4.jar:/workspace/PrismLauncher/libraries/org/ow2/asm/asm/9.6/asm-9.6.jar:/workspace/PrismLauncher/libraries/org/ow2/asm/asm-analysis/9.6/asm-analysis-9.6.jar:/workspace/PrismLauncher/libraries/org/ow2/asm/asm-commons/9.6/asm-commons-9.6.jar:/workspace/PrismLauncher/libraries/org/ow2/asm/asm-tree/9.6/asm-tree-9.6.jar:/workspace/PrismLauncher/libraries/org/ow2/asm/asm-util/9.6/asm-util-9.6.jar:/workspace/PrismLauncher/libraries/net/fabricmc/sponge-mixin/0.12.5+mixin.0.8.5/sponge-mixin-0.12.5+mixin.0.8.5.jar:/workspace/PrismLauncher/libraries/net/fabricmc/fabric-loader/0.15.7/fabric-loader-0.15.7.jar:/workspace/PrismLauncher/libraries/com/mojang/minecraft/1.20.4/minecraft-1.20.4-client.jar)
	at com.sun.jna.NativeLibrary.loadLibrary(NativeLibrary.java:323) ~[jna-5.13.0.jar:?]
	at com.sun.jna.NativeLibrary.getInstance(NativeLibrary.java:483) ~[jna-5.13.0.jar:?]
	at com.sun.jna.NativeLibrary.getInstance(NativeLibrary.java:425) ~[jna-5.13.0.jar:?]
	at com.mojang.text2speech.NarratorLinux$FliteLibrary.loadNative(NarratorLinux.java:67) ~[text2speech-1.17.9.jar:?]
	... 11 more
	Suppressed: java.lang.UnsatisfiedLinkError: libflite.so: cannot open shared object file: No such file or directory
		at com.sun.jna.Native.open(Native Method) ~[jna-5.13.0.jar:?]
		at com.sun.jna.NativeLibrary.loadLibrary(NativeLibrary.java:211) ~[jna-5.13.0.jar:?]
		at com.sun.jna.NativeLibrary.getInstance(NativeLibrary.java:483) ~[jna-5.13.0.jar:?]
		at com.sun.jna.NativeLibrary.getInstance(NativeLibrary.java:425) ~[jna-5.13.0.jar:?]
		at com.mojang.text2speech.NarratorLinux$FliteLibrary.loadNative(NarratorLinux.java:67) ~[text2speech-1.17.9.jar:?]
		at com.mojang.text2speech.NarratorLinux.<init>(NarratorLinux.java:18) ~[text2speech-1.17.9.jar:?]
		at com.mojang.text2speech.Narrator.getNarrator(Narrator.java:41) ~[text2speech-1.17.9.jar:?]
		at net.minecraft.client.util.NarratorManager.<init>(NarratorManager.java:19) ~[client-intermediary.jar:?]
		at net.minecraft.client.MinecraftClient.<init>(MinecraftClient.java:684) ~[client-intermediary.jar:?]
		at net.minecraft.client.main.Main.main(Main.java:223) ~[minecraft-1.20.4-client.jar:?]
		at net.fabricmc.loader.impl.game.minecraft.MinecraftGameProvider.launch(MinecraftGameProvider.java:470) ~[fabric-loader-0.15.7.jar:?]
		at net.fabricmc.loader.impl.launch.knot.Knot.launch(Knot.java:74) ~[fabric-loader-0.15.7.jar:?]
		at net.fabricmc.loader.impl.launch.knot.KnotClient.main(KnotClient.java:23) ~[fabric-loader-0.15.7.jar:?]
		at org.prismlauncher.launcher.impl.StandardLauncher.launch(StandardLauncher.java:87) ~[NewLaunch.jar:?]
		at org.prismlauncher.EntryPoint.listen(EntryPoint.java:129) ~[NewLaunch.jar:?]
		at org.prismlauncher.EntryPoint.main(EntryPoint.java:70) ~[NewLaunch.jar:?]
	Suppressed: java.lang.UnsatisfiedLinkError: libflite.so: cannot open shared object file: No such file or directory
		at com.sun.jna.Native.open(Native Method) ~[jna-5.13.0.jar:?]
		at com.sun.jna.NativeLibrary.loadLibrary(NativeLibrary.java:224) ~[jna-5.13.0.jar:?]
		at com.sun.jna.NativeLibrary.getInstance(NativeLibrary.java:483) ~[jna-5.13.0.jar:?]
		at com.sun.jna.NativeLibrary.getInstance(NativeLibrary.java:425) ~[jna-5.13.0.jar:?]
		at com.mojang.text2speech.NarratorLinux$FliteLibrary.loadNative(NarratorLinux.java:67) ~[text2speech-1.17.9.jar:?]
		at com.mojang.text2speech.NarratorLinux.<init>(NarratorLinux.java:18) ~[text2speech-1.17.9.jar:?]
		at com.mojang.text2speech.Narrator.getNarrator(Narrator.java:41) ~[text2speech-1.17.9.jar:?]
		at net.minecraft.client.util.NarratorManager.<init>(NarratorManager.java:19) ~[client-intermediary.jar:?]
		at net.minecraft.client.MinecraftClient.<init>(MinecraftClient.java:684) ~[client-intermediary.jar:?]
		at net.minecraft.client.main.Main.main(Main.java:223) ~[minecraft-1.20.4-client.jar:?]
		at net.fabricmc.loader.impl.game.minecraft.MinecraftGameProvider.launch(MinecraftGameProvider.java:470) ~[fabric-loader-0.15.7.jar:?]
		at net.fabricmc.loader.impl.launch.knot.Knot.launch(Knot.java:74) ~[fabric-loader-0.15.7.jar:?]
		at net.fabricmc.loader.impl.launch.knot.KnotClient.main(KnotClient.java:23) ~[fabric-loader-0.15.7.jar:?]
		at org.prismlauncher.launcher.impl.StandardLauncher.launch(StandardLauncher.java:87) ~[NewLaunch.jar:?]
		at org.prismlauncher.EntryPoint.listen(EntryPoint.java:129) ~[NewLaunch.jar:?]
		at org.prismlauncher.EntryPoint.main(EntryPoint.java:70) ~[NewLaunch.jar:?]
	Suppressed: java.io.IOException: Native library (linux-x86-64/libflite.so) not found in resource path (/workspace/PrismLauncher/share/PrismLauncher/NewLaunch.jar:/workspace/PrismLauncher/libraries/org/lwjgl/lwjgl-freetype-natives-linux/3.3.2/lwjgl-freetype-natives-linux-3.3.2.jar:/workspace/PrismLauncher/libraries/org/lwjgl/lwjgl-freetype/3.3.2/lwjgl-freetype-3.3.2.jar:/workspace/PrismLauncher/libraries/org/lwjgl/lwjgl-glfw-natives-linux/3.3.2/lwjgl-glfw-natives-linux-3.3.2.jar:/workspace/PrismLauncher/libraries/org/lwjgl/lwjgl-glfw/3.3.2/lwjgl-glfw-3.3.2.jar:/workspace/PrismLauncher/libraries/org/lwjgl/lwjgl-jemalloc-natives-linux/3.3.2/lwjgl-jemalloc-natives-linux-3.3.2.jar:/workspace/PrismLauncher/libraries/org/lwjgl/lwjgl-jemalloc/3.3.2/lwjgl-jemalloc-3.3.2.jar:/workspace/PrismLauncher/libraries/org/lwjgl/lwjgl-natives-linux/3.3.2/lwjgl-natives-linux-3.3.2.jar:/workspace/PrismLauncher/libraries/org/lwjgl/lwjgl-openal-natives-linux/3.3.2/lwjgl-openal-natives-linux-3.3.2.jar:/workspace/PrismLauncher/libraries/org/lwjgl/lwjgl-openal/3.3.2/lwjgl-openal-3.3.2.jar:/workspace/PrismLauncher/libraries/org/lwjgl/lwjgl-opengl-natives-linux/3.3.2/lwjgl-opengl-natives-linux-3.3.2.jar:/workspace/PrismLauncher/libraries/org/lwjgl/lwjgl-opengl/3.3.2/lwjgl-opengl-3.3.2.jar:/workspace/PrismLauncher/libraries/org/lwjgl/lwjgl-stb-natives-linux/3.3.2/lwjgl-stb-natives-linux-3.3.2.jar:/workspace/PrismLauncher/libraries/org/lwjgl/lwjgl-stb/3.3.2/lwjgl-stb-3.3.2.jar:/workspace/PrismLauncher/libraries/org/lwjgl/lwjgl-tinyfd-natives-linux/3.3.2/lwjgl-tinyfd-natives-linux-3.3.2.jar:/workspace/PrismLauncher/libraries/org/lwjgl/lwjgl-tinyfd/3.3.2/lwjgl-tinyfd-3.3.2.jar:/workspace/PrismLauncher/libraries/org/lwjgl/lwjgl/3.3.2/lwjgl-3.3.2.jar:/workspace/PrismLauncher/libraries/com/github/oshi/oshi-core/6.4.5/oshi-core-6.4.5.jar:/workspace/PrismLauncher/libraries/com/google/code/gson/gson/2.10.1/gson-2.10.1.jar:/workspace/PrismLauncher/libraries/com/google/guava/failureaccess/1.0.1/failureaccess-1.0.1.jar:/workspace/PrismLauncher/libraries/com/google/guava/guava/32.1.2-jre/guava-32.1.2-jre.jar:/workspace/PrismLauncher/libraries/com/ibm/icu/icu4j/73.2/icu4j-73.2.jar:/workspace/PrismLauncher/libraries/com/mojang/authlib/6.0.52/authlib-6.0.52.jar:/workspace/PrismLauncher/libraries/com/mojang/blocklist/1.0.10/blocklist-1.0.10.jar:/workspace/PrismLauncher/libraries/com/mojang/brigadier/1.2.9/brigadier-1.2.9.jar:/workspace/PrismLauncher/libraries/com/mojang/datafixerupper/6.0.8/datafixerupper-6.0.8.jar:/workspace/PrismLauncher/libraries/com/mojang/logging/1.1.1/logging-1.1.1.jar:/workspace/PrismLauncher/libraries/com/mojang/patchy/2.2.10/patchy-2.2.10.jar:/workspace/PrismLauncher/libraries/com/mojang/text2speech/1.17.9/text2speech-1.17.9.jar:/workspace/PrismLauncher/libraries/commons-codec/commons-codec/1.16.0/commons-codec-1.16.0.jar:/workspace/PrismLauncher/libraries/commons-io/commons-io/2.13.0/commons-io-2.13.0.jar:/workspace/PrismLauncher/libraries/commons-logging/commons-logging/1.2/commons-logging-1.2.jar:/workspace/PrismLauncher/libraries/io/netty/netty-buffer/4.1.97.Final/netty-buffer-4.1.97.Final.jar:/workspace/PrismLauncher/libraries/io/netty/netty-codec/4.1.97.Final/netty-codec-4.1.97.Final.jar:/workspace/PrismLauncher/libraries/io/netty/netty-common/4.1.97.Final/netty-common-4.1.97.Final.jar:/workspace/PrismLauncher/libraries/io/netty/netty-handler/4.1.97.Final/netty-handler-4.1.97.Final.jar:/workspace/PrismLauncher/libraries/io/netty/netty-resolver/4.1.97.Final/netty-resolver-4.1.97.Final.jar:/workspace/PrismLauncher/libraries/io/netty/netty-transport-classes-epoll/4.1.97.Final/netty-transport-classes-epoll-4.1.97.Final.jar:/workspace/PrismLauncher/libraries/io/netty/netty-transport-native-epoll/4.1.97.Final/netty-transport-native-epoll-4.1.97.Final-linux-aarch_64.jar:/workspace/PrismLauncher/libraries/io/netty/netty-transport-native-epoll/4.1.97.Final/netty-transport-native-epoll-4.1.97.Final-linux-x86_64.jar:/workspace/PrismLauncher/libraries/io/netty/netty-transport-native-unix-common/4.1.97.Final/netty-transport-native-unix-common-4.1.97.Final.jar:/workspace/PrismLauncher/libraries/io/netty/netty-transport/4.1.97.Final/netty-transport-4.1.97.Final.jar:/workspace/PrismLauncher/libraries/it/unimi/dsi/fastutil/8.5.12/fastutil-8.5.12.jar:/workspace/PrismLauncher/libraries/net/java/dev/jna/jna-platform/5.13.0/jna-platform-5.13.0.jar:/workspace/PrismLauncher/libraries/net/java/dev/jna/jna/5.13.0/jna-5.13.0.jar:/workspace/PrismLauncher/libraries/net/sf/jopt-simple/jopt-simple/5.0.4/jopt-simple-5.0.4.jar:/workspace/PrismLauncher/libraries/org/apache/commons/commons-compress/1.22/commons-compress-1.22.jar:/workspace/PrismLauncher/libraries/org/apache/commons/commons-lang3/3.13.0/commons-lang3-3.13.0.jar:/workspace/PrismLauncher/libraries/org/apache/httpcomponents/httpclient/4.5.13/httpclient-4.5.13.jar:/workspace/PrismLauncher/libraries/org/apache/httpcomponents/httpcore/4.4.16/httpcore-4.4.16.jar:/workspace/PrismLauncher/libraries/org/apache/logging/log4j/log4j-api/2.19.0/log4j-api-2.19.0.jar:/workspace/PrismLauncher/libraries/org/apache/logging/log4j/log4j-core/2.19.0/log4j-core-2.19.0.jar:/workspace/PrismLauncher/libraries/org/apache/logging/log4j/log4j-slf4j2-impl/2.19.0/log4j-slf4j2-impl-2.19.0.jar:/workspace/PrismLauncher/libraries/org/joml/joml/1.10.5/joml-1.10.5.jar:/workspace/PrismLauncher/libraries/org/slf4j/slf4j-api/2.0.7/slf4j-api-2.0.7.jar:/workspace/PrismLauncher/libraries/net/fabricmc/intermediary/1.20.4/intermediary-1.20.4.jar:/workspace/PrismLauncher/libraries/org/ow2/asm/asm/9.6/asm-9.6.jar:/workspace/PrismLauncher/libraries/org/ow2/asm/asm-analysis/9.6/asm-analysis-9.6.jar:/workspace/PrismLauncher/libraries/org/ow2/asm/asm-commons/9.6/asm-commons-9.6.jar:/workspace/PrismLauncher/libraries/org/ow2/asm/asm-tree/9.6/asm-tree-9.6.jar:/workspace/PrismLauncher/libraries/org/ow2/asm/asm-util/9.6/asm-util-9.6.jar:/workspace/PrismLauncher/libraries/net/fabricmc/sponge-mixin/0.12.5+mixin.0.8.5/sponge-mixin-0.12.5+mixin.0.8.5.jar:/workspace/PrismLauncher/libraries/net/fabricmc/fabric-loader/0.15.7/fabric-loader-0.15.7.jar:/workspace/PrismLauncher/libraries/com/mojang/minecraft/1.20.4/minecraft-1.20.4-client.jar)
		at com.sun.jna.Native.extractFromResourcePath(Native.java:1145) ~[jna-5.13.0.jar:?]
		at com.sun.jna.NativeLibrary.loadLibrary(NativeLibrary.java:295) ~[jna-5.13.0.jar:?]
		at com.sun.jna.NativeLibrary.getInstance(NativeLibrary.java:483) ~[jna-5.13.0.jar:?]
		at com.sun.jna.NativeLibrary.getInstance(NativeLibrary.java:425) ~[jna-5.13.0.jar:?]
		at com.mojang.text2speech.NarratorLinux$FliteLibrary.loadNative(NarratorLinux.java:67) ~[text2speech-1.17.9.jar:?]
		at com.mojang.text2speech.NarratorLinux.<init>(NarratorLinux.java:18) ~[text2speech-1.17.9.jar:?]
		at com.mojang.text2speech.Narrator.getNarrator(Narrator.java:41) ~[text2speech-1.17.9.jar:?]
		at net.minecraft.client.util.NarratorManager.<init>(NarratorManager.java:19) ~[client-intermediary.jar:?]
		at net.minecraft.client.MinecraftClient.<init>(MinecraftClient.java:684) ~[client-intermediary.jar:?]
		at net.minecraft.client.main.Main.main(Main.java:223) ~[minecraft-1.20.4-client.jar:?]
		at net.fabricmc.loader.impl.game.minecraft.MinecraftGameProvider.launch(MinecraftGameProvider.java:470) ~[fabric-loader-0.15.7.jar:?]
		at net.fabricmc.loader.impl.launch.knot.Knot.launch(Knot.java:74) ~[fabric-loader-0.15.7.jar:?]
		at net.fabricmc.loader.impl.launch.knot.KnotClient.main(KnotClient.java:23) ~[fabric-loader-0.15.7.jar:?]
		at org.prismlauncher.launcher.impl.StandardLauncher.launch(StandardLauncher.java:87) ~[NewLaunch.jar:?]
		at org.prismlauncher.EntryPoint.listen(EntryPoint.java:129) ~[NewLaunch.jar:?]
		at org.prismlauncher.EntryPoint.main(EntryPoint.java:70) ~[NewLaunch.jar:?]
[03:46:02] [Render thread/INFO]: Reloading ResourceManager: vanilla, fabric, accurateblockplacement, advanced-xray-fabric, appleskin, autotools, balm-fabric, bedrockify, bedrockwaters, bettermounthud, betterpingdisplay, brb, c2me, caffeineconfig, carrotconfig, chunksfadein, cicada, cloth-config, completeconfig, completeconfig-base, continuity, controlling, cpm, craftingtweaks, dark_title_bar, debugify, do_a_barrel_roll, dynamic_fps, enhancedbookwriting, entityculling, except, exordium, fabric-api, fabric-api-base, fabric-api-lookup-api-v1, fabric-biome-api-v1, fabric-block-api-v1, fabric-block-view-api-v2, fabric-blockrenderlayer-v1, fabric-client-tags-api-v1, fabric-command-api-v1, fabric-command-api-v2, fabric-commands-v0, fabric-containers-v0, fabric-content-registries-v0, fabric-convention-tags-v1, fabric-crash-report-info-v1, fabric-data-attachment-api-v1, fabric-data-generation-api-v1, fabric-dimensions-v1, fabric-entity-events-v1, fabric-events-interaction-v0, fabric-events-lifecycle-v0, fabric-game-rule-api-v1, fabric-item-api-v1, fabric-item-group-api-v1, fabric-key-binding-api-v1, fabric-keybindings-v0, fabric-language-kotlin, fabric-lifecycle-events-v1, fabric-loot-api-v2, fabric-message-api-v1, fabric-mining-level-api-v1, fabric-model-loading-api-v1, fabric-models-v0, fabric-networking-api-v1, fabric-object-builder-api-v1, fabric-particles-v1, fabric-recipe-api-v1, fabric-registry-sync-v0, fabric-renderer-api-v1, fabric-renderer-indigo, fabric-renderer-registries-v1, fabric-rendering-data-attachment-v1, fabric-rendering-fluids-v1, fabric-rendering-v0, fabric-rendering-v1, fabric-resource-conditions-api-v1, fabric-resource-loader-v0, fabric-screen-api-v1, fabric-screen-handler-api-v1, fabric-sound-api-v1, fabric-transfer-api-v1, fabric-transitive-access-wideners-v1, fabricloader, fallingleaves, fastipping, forgeconfigapiport, freecam, immediatelyfast, indium, iris, jei, justenoughprofessions, krypton, kyrptconfig, lambdynlights, languagereload, legacy_bows, lithium, malilib, mixintrace, modmenu, moonlight, multibind, nochatreports, noisium, nvidium, panorama_screens, pickblockpro, pickblockstate, pickmoreblocks, pride, quickshulker, reeses-sodium-options, searchables, sodium, sodium-extra, sodiumcoreshadersupport, spruceui, sspb, stackdeobfuscator, threadtweak, xaerominimap, xaeroworldmap, xenon, yet_another_config_lib_v3, file/BlenderRP 1.19.4, file/Redstone+Tweaks+2.3.zip
[03:46:02] [Render thread/ERROR]: Failed to list path /workspace/PrismLauncher/instances/1.20.4/.minecraft/resourcepacks/BlenderRP 1.19.4/assets/.mcassetsroot/font
java.nio.file.FileSystemException: /workspace/PrismLauncher/instances/1.20.4/.minecraft/resourcepacks/BlenderRP 1.19.4/assets/.mcassetsroot/font: Not a directory
	at sun.nio.fs.UnixException.translateToIOException(UnixException.java:100) ~[?:?]
	at sun.nio.fs.UnixException.rethrowAsIOException(UnixException.java:106) ~[?:?]
	at sun.nio.fs.UnixException.rethrowAsIOException(UnixException.java:111) ~[?:?]
	at sun.nio.fs.UnixFileAttributeViews$Basic.readAttributes(UnixFileAttributeViews.java:55) ~[?:?]
	at sun.nio.fs.UnixFileSystemProvider.readAttributes(UnixFileSystemProvider.java:148) ~[?:?]
	at sun.nio.fs.LinuxFileSystemProvider.readAttributes(LinuxFileSystemProvider.java:99) ~[?:?]
	at java.nio.file.Files.readAttributes(Files.java:1851) ~[?:?]
	at java.nio.file.FileTreeWalker.getAttributes(FileTreeWalker.java:220) ~[?:?]
	at java.nio.file.FileTreeWalker.visit(FileTreeWalker.java:277) ~[?:?]
	at java.nio.file.FileTreeWalker.walk(FileTreeWalker.java:323) ~[?:?]
	at java.nio.file.FileTreeIterator.<init>(FileTreeIterator.java:71) ~[?:?]
	at java.nio.file.Files.find(Files.java:4036) ~[?:?]
	at net.minecraft.resource.DirectoryResourcePack.findResources(DirectoryResourcePack.java:111) ~[client-intermediary.jar:?]
	at net.minecraft.resource.DirectoryResourcePack.method_45181(DirectoryResourcePack.java:102) ~[client-intermediary.jar:?]
	at com.mojang.datafixers.util.Either$Left.ifLeft(Either.java:43) ~[datafixerupper-6.0.8.jar:?]
	at net.minecraft.resource.DirectoryResourcePack.findResources(DirectoryResourcePack.java:100) ~[client-intermediary.jar:?]
	at net.minecraft.resource.NamespaceResourceManager.findAndAdd(NamespaceResourceManager.java:290) ~[client-intermediary.jar:?]
	at net.minecraft.resource.NamespaceResourceManager.findAllResources(NamespaceResourceManager.java:312) ~[client-intermediary.jar:?]
	at net.minecraft.resource.LifecycledResourceManagerImpl.findAllResources(LifecycledResourceManagerImpl.java:121) ~[client-intermediary.jar:?]
	at net.minecraft.resource.ResourceFinder.findAllResources(ResourceFinder.java:36) ~[client-intermediary.jar:?]
	at net.minecraft.client.font.FontManager.loadIndex(FontManager.java:155) ~[client-intermediary.jar:?]
	at net.minecraft.client.font.FontManager.reload(FontManager.java:147) ~[client-intermediary.jar:?]
	at net.minecraft.resource.SimpleResourceReload.method_18368(SimpleResourceReload.java:32) ~[client-intermediary.jar:?]
	at net.minecraft.resource.SimpleResourceReload.<init>(SimpleResourceReload.java:44) ~[client-intermediary.jar:?]
	at net.minecraft.resource.SimpleResourceReload.create(SimpleResourceReload.java:32) ~[client-intermediary.jar:?]
	at net.minecraft.resource.SimpleResourceReload.start(SimpleResourceReload.java:101) ~[client-intermediary.jar:?]
	at net.minecraft.resource.ReloadableResourceManagerImpl.reload(ReloadableResourceManagerImpl.java:47) ~[client-intermediary.jar:?]
	at net.minecraft.client.MinecraftClient.<init>(MinecraftClient.java:700) ~[client-intermediary.jar:?]
	at net.minecraft.client.main.Main.main(Main.java:223) ~[minecraft-1.20.4-client.jar:?]
	at net.fabricmc.loader.impl.game.minecraft.MinecraftGameProvider.launch(MinecraftGameProvider.java:470) ~[fabric-loader-0.15.7.jar:?]
	at net.fabricmc.loader.impl.launch.knot.Knot.launch(Knot.java:74) ~[fabric-loader-0.15.7.jar:?]
	at net.fabricmc.loader.impl.launch.knot.KnotClient.main(KnotClient.java:23) ~[fabric-loader-0.15.7.jar:?]
	at org.prismlauncher.launcher.impl.StandardLauncher.launch(StandardLauncher.java:87) ~[NewLaunch.jar:?]
	at org.prismlauncher.EntryPoint.listen(EntryPoint.java:129) ~[NewLaunch.jar:?]
	at org.prismlauncher.EntryPoint.main(EntryPoint.java:70) ~[NewLaunch.jar:?]
[03:46:03] [Worker-Main-3/ERROR]: Failed to list path /workspace/PrismLauncher/instances/1.20.4/.minecraft/resourcepacks/BlenderRP 1.19.4/assets/.mcassetsroot/sounds
java.nio.file.FileSystemException: /workspace/PrismLauncher/instances/1.20.4/.minecraft/resourcepacks/BlenderRP 1.19.4/assets/.mcassetsroot/sounds: Not a directory
	at sun.nio.fs.UnixException.translateToIOException(UnixException.java:100) ~[?:?]
	at sun.nio.fs.UnixException.rethrowAsIOException(UnixException.java:106) ~[?:?]
	at sun.nio.fs.UnixException.rethrowAsIOException(UnixException.java:111) ~[?:?]
	at sun.nio.fs.UnixFileAttributeViews$Basic.readAttributes(UnixFileAttributeViews.java:55) ~[?:?]
	at sun.nio.fs.UnixFileSystemProvider.readAttributes(UnixFileSystemProvider.java:148) ~[?:?]
	at sun.nio.fs.LinuxFileSystemProvider.readAttributes(LinuxFileSystemProvider.java:99) ~[?:?]
	at java.nio.file.Files.readAttributes(Files.java:1851) ~[?:?]
	at java.nio.file.FileTreeWalker.getAttributes(FileTreeWalker.java:220) ~[?:?]
	at java.nio.file.FileTreeWalker.visit(FileTreeWalker.java:277) ~[?:?]
	at java.nio.file.FileTreeWalker.walk(FileTreeWalker.java:323) ~[?:?]
	at java.nio.file.FileTreeIterator.<init>(FileTreeIterator.java:71) ~[?:?]
	at java.nio.file.Files.find(Files.java:4036) ~[?:?]
	at net.minecraft.resource.DirectoryResourcePack.findResources(DirectoryResourcePack.java:111) ~[client-intermediary.jar:?]
	at net.minecraft.resource.DirectoryResourcePack.method_45181(DirectoryResourcePack.java:102) ~[client-intermediary.jar:?]
	at com.mojang.datafixers.util.Either$Left.ifLeft(Either.java:43) ~[datafixerupper-6.0.8.jar:?]
	at net.minecraft.resource.DirectoryResourcePack.findResources(DirectoryResourcePack.java:100) ~[client-intermediary.jar:?]
	at net.minecraft.resource.NamespaceResourceManager.findResources(NamespaceResourceManager.java:202) ~[client-intermediary.jar:?]
	at net.minecraft.resource.LifecycledResourceManagerImpl.findResources(LifecycledResourceManagerImpl.java:107) ~[client-intermediary.jar:?]
	at net.minecraft.resource.ResourceFinder.findResources(ResourceFinder.java:32) ~[client-intermediary.jar:?]
	at net.minecraft.client.sound.SoundManager$SoundList.findSounds(SoundManager.java:142) ~[client-intermediary.jar:?]
	at net.minecraft.client.sound.SoundManager.prepare(SoundManager.java:71) ~[client-intermediary.jar:?]
	at net.minecraft.client.sound.SoundManager.prepare(SoundManager.java:41) ~[client-intermediary.jar:?]
	at net.minecraft.resource.SinglePreparationResourceReloader.method_18791(SinglePreparationResourceReloader.java:11) ~[client-intermediary.jar:?]
	at java.util.concurrent.CompletableFuture$AsyncSupply.run(CompletableFuture.java:1768) ~[?:?]
	at java.util.concurrent.CompletableFuture$AsyncSupply.exec(CompletableFuture.java:1760) ~[?:?]
	at java.util.concurrent.ForkJoinTask.doExec(ForkJoinTask.java:373) ~[?:?]
	at java.util.concurrent.ForkJoinPool$WorkQueue.topLevelExec(ForkJoinPool.java:1182) ~[?:?]
	at java.util.concurrent.ForkJoinPool.scan(ForkJoinPool.java:1655) ~[?:?]
	at java.util.concurrent.ForkJoinPool.runWorker(ForkJoinPool.java:1622) ~[?:?]
	at java.util.concurrent.ForkJoinWorkerThread.run(ForkJoinWorkerThread.java:165) ~[?:?]
[03:46:03] [Render thread/ERROR]: Failed to list path /workspace/PrismLauncher/instances/1.20.4/.minecraft/resourcepacks/BlenderRP 1.19.4/assets/.mcassetsroot/textures/soft_fluids
java.nio.file.FileSystemException: /workspace/PrismLauncher/instances/1.20.4/.minecraft/resourcepacks/BlenderRP 1.19.4/assets/.mcassetsroot/textures/soft_fluids: Not a directory
	at sun.nio.fs.UnixException.translateToIOException(UnixException.java:100) ~[?:?]
	at sun.nio.fs.UnixException.rethrowAsIOException(UnixException.java:106) ~[?:?]
	at sun.nio.fs.UnixException.rethrowAsIOException(UnixException.java:111) ~[?:?]
	at sun.nio.fs.UnixFileAttributeViews$Basic.readAttributes(UnixFileAttributeViews.java:55) ~[?:?]
	at sun.nio.fs.UnixFileSystemProvider.readAttributes(UnixFileSystemProvider.java:148) ~[?:?]
	at sun.nio.fs.LinuxFileSystemProvider.readAttributes(LinuxFileSystemProvider.java:99) ~[?:?]
	at java.nio.file.Files.readAttributes(Files.java:1851) ~[?:?]
	at java.nio.file.FileTreeWalker.getAttributes(FileTreeWalker.java:220) ~[?:?]
	at java.nio.file.FileTreeWalker.visit(FileTreeWalker.java:277) ~[?:?]
	at java.nio.file.FileTreeWalker.walk(FileTreeWalker.java:323) ~[?:?]
	at java.nio.file.FileTreeIterator.<init>(FileTreeIterator.java:71) ~[?:?]
	at java.nio.file.Files.find(Files.java:4036) ~[?:?]
	at net.minecraft.resource.DirectoryResourcePack.findResources(DirectoryResourcePack.java:111) ~[client-intermediary.jar:?]
	at net.minecraft.resource.DirectoryResourcePack.method_45181(DirectoryResourcePack.java:102) ~[client-intermediary.jar:?]
	at com.mojang.datafixers.util.Either$Left.ifLeft(Either.java:43) ~[datafixerupper-6.0.8.jar:?]
	at net.minecraft.resource.DirectoryResourcePack.findResources(DirectoryResourcePack.java:100) ~[client-intermediary.jar:?]
	at net.minecraft.resource.NamespaceResourceManager.findResources(NamespaceResourceManager.java:202) ~[client-intermediary.jar:?]
	at net.minecraft.resource.LifecycledResourceManagerImpl.findResources(LifecycledResourceManagerImpl.java:107) ~[client-intermediary.jar:?]
	at net.mehvahdjukaar.moonlight.api.misc.GenericSimpleResourceReloadListener.prepare(GenericSimpleResourceReloadListener.java:43) ~[moonlight-1.20.4-2.10.3-fabric.jar:?]
	at net.mehvahdjukaar.moonlight.api.misc.GenericSimpleResourceReloadListener.reload(GenericSimpleResourceReloadListener.java:30) ~[moonlight-1.20.4-2.10.3-fabric.jar:?]
	at net.mehvahdjukaar.moonlight.api.platform.fabric.ClientHelperImpl$3.reload(ClientHelperImpl.java:147) ~[moonlight-1.20.4-2.10.3-fabric.jar:?]
	at net.minecraft.resource.SimpleResourceReload.method_18368(SimpleResourceReload.java:32) ~[client-intermediary.jar:?]
	at net.minecraft.resource.SimpleResourceReload.<init>(SimpleResourceReload.java:44) ~[client-intermediary.jar:?]
	at net.minecraft.resource.SimpleResourceReload.create(SimpleResourceReload.java:32) ~[client-intermediary.jar:?]
	at net.minecraft.resource.SimpleResourceReload.start(SimpleResourceReload.java:101) ~[client-intermediary.jar:?]
	at net.minecraft.resource.ReloadableResourceManagerImpl.reload(ReloadableResourceManagerImpl.java:47) ~[client-intermediary.jar:?]
	at net.minecraft.client.MinecraftClient.<init>(MinecraftClient.java:700) ~[client-intermediary.jar:?]
	at net.minecraft.client.main.Main.main(Main.java:223) ~[minecraft-1.20.4-client.jar:?]
	at net.fabricmc.loader.impl.game.minecraft.MinecraftGameProvider.launch(MinecraftGameProvider.java:470) ~[fabric-loader-0.15.7.jar:?]
	at net.fabricmc.loader.impl.launch.knot.Knot.launch(Knot.java:74) ~[fabric-loader-0.15.7.jar:?]
	at net.fabricmc.loader.impl.launch.knot.KnotClient.main(KnotClient.java:23) ~[fabric-loader-0.15.7.jar:?]
	at org.prismlauncher.launcher.impl.StandardLauncher.launch(StandardLauncher.java:87) ~[NewLaunch.jar:?]
	at org.prismlauncher.EntryPoint.listen(EntryPoint.java:129) ~[NewLaunch.jar:?]
	at org.prismlauncher.EntryPoint.main(EntryPoint.java:70) ~[NewLaunch.jar:?]
[03:46:03] [Render thread/INFO]: YACL is reloading images
[03:46:03] [ForkJoinPool.commonPool-worker-1/ERROR]: Failed to list path /workspace/PrismLauncher/instances/1.20.4/.minecraft/resourcepacks/BlenderRP 1.19.4/assets/.mcassetsroot/flags
java.nio.file.FileSystemException: /workspace/PrismLauncher/instances/1.20.4/.minecraft/resourcepacks/BlenderRP 1.19.4/assets/.mcassetsroot/flags: Not a directory
	at sun.nio.fs.UnixException.translateToIOException(UnixException.java:100) ~[?:?]
	at sun.nio.fs.UnixException.rethrowAsIOException(UnixException.java:106) ~[?:?]
	at sun.nio.fs.UnixException.rethrowAsIOException(UnixException.java:111) ~[?:?]
	at sun.nio.fs.UnixFileAttributeViews$Basic.readAttributes(UnixFileAttributeViews.java:55) ~[?:?]
	at sun.nio.fs.UnixFileSystemProvider.readAttributes(UnixFileSystemProvider.java:148) ~[?:?]
	at sun.nio.fs.LinuxFileSystemProvider.readAttributes(LinuxFileSystemProvider.java:99) ~[?:?]
	at java.nio.file.Files.readAttributes(Files.java:1851) ~[?:?]
	at java.nio.file.FileTreeWalker.getAttributes(FileTreeWalker.java:220) ~[?:?]
	at java.nio.file.FileTreeWalker.visit(FileTreeWalker.java:277) ~[?:?]
	at java.nio.file.FileTreeWalker.walk(FileTreeWalker.java:323) ~[?:?]
	at java.nio.file.FileTreeIterator.<init>(FileTreeIterator.java:71) ~[?:?]
	at java.nio.file.Files.find(Files.java:4036) ~[?:?]
	at net.minecraft.resource.DirectoryResourcePack.findResources(DirectoryResourcePack.java:111) ~[client-intermediary.jar:?]
	at net.minecraft.resource.DirectoryResourcePack.method_45181(DirectoryResourcePack.java:102) ~[client-intermediary.jar:?]
	at com.mojang.datafixers.util.Either$Left.ifLeft(Either.java:43) ~[datafixerupper-6.0.8.jar:?]
	at net.minecraft.resource.DirectoryResourcePack.findResources(DirectoryResourcePack.java:100) ~[client-intermediary.jar:?]
	at net.minecraft.resource.NamespaceResourceManager.findResources(NamespaceResourceManager.java:202) ~[client-intermediary.jar:?]
	at net.minecraft.resource.LifecycledResourceManagerImpl.findResources(LifecycledResourceManagerImpl.java:107) ~[client-intermediary.jar:?]
	at io.github.queerbric.pride.PrideLoader.loadFlags(PrideLoader.java:53) ~[pride-1.2.0+1.19.4-b72a982bb6f56c10.jar:?]
	at io.github.queerbric.pride.PrideLoader.lambda$load$0(PrideLoader.java:41) ~[pride-1.2.0+1.19.4-b72a982bb6f56c10.jar:?]
	at java.util.concurrent.CompletableFuture$AsyncSupply.run(CompletableFuture.java:1768) ~[?:?]
	at java.util.concurrent.CompletableFuture$AsyncSupply.exec(CompletableFuture.java:1760) ~[?:?]
	at java.util.concurrent.ForkJoinTask.doExec(ForkJoinTask.java:373) ~[?:?]
	at java.util.concurrent.ForkJoinPool$WorkQueue.topLevelExec(ForkJoinPool.java:1182) ~[?:?]
	at java.util.concurrent.ForkJoinPool.scan(ForkJoinPool.java:1655) ~[?:?]
	at java.util.concurrent.ForkJoinPool.runWorker(ForkJoinPool.java:1622) ~[?:?]
	at java.util.concurrent.ForkJoinWorkerThread.run(ForkJoinWorkerThread.java:165) ~[?:?]
[03:46:03] [Render thread/ERROR]: Failed to list path /workspace/PrismLauncher/instances/1.20.4/.minecraft/resourcepacks/BlenderRP 1.19.4/assets/.mcassetsroot/textures
java.nio.file.FileSystemException: /workspace/PrismLauncher/instances/1.20.4/.minecraft/resourcepacks/BlenderRP 1.19.4/assets/.mcassetsroot/textures: Not a directory
	at sun.nio.fs.UnixException.translateToIOException(UnixException.java:100) ~[?:?]
	at sun.nio.fs.UnixException.rethrowAsIOException(UnixException.java:106) ~[?:?]
	at sun.nio.fs.UnixException.rethrowAsIOException(UnixException.java:111) ~[?:?]
	at sun.nio.fs.UnixFileAttributeViews$Basic.readAttributes(UnixFileAttributeViews.java:55) ~[?:?]
	at sun.nio.fs.UnixFileSystemProvider.readAttributes(UnixFileSystemProvider.java:148) ~[?:?]
	at sun.nio.fs.LinuxFileSystemProvider.readAttributes(LinuxFileSystemProvider.java:99) ~[?:?]
	at java.nio.file.Files.readAttributes(Files.java:1851) ~[?:?]
	at java.nio.file.FileTreeWalker.getAttributes(FileTreeWalker.java:220) ~[?:?]
	at java.nio.file.FileTreeWalker.visit(FileTreeWalker.java:277) ~[?:?]
	at java.nio.file.FileTreeWalker.walk(FileTreeWalker.java:323) ~[?:?]
	at java.nio.file.FileTreeIterator.<init>(FileTreeIterator.java:71) ~[?:?]
	at java.nio.file.Files.find(Files.java:4036) ~[?:?]
	at net.minecraft.resource.DirectoryResourcePack.findResources(DirectoryResourcePack.java:111) ~[client-intermediary.jar:?]
	at net.minecraft.resource.DirectoryResourcePack.method_45181(DirectoryResourcePack.java:102) ~[client-intermediary.jar:?]
	at com.mojang.datafixers.util.Either$Left.ifLeft(Either.java:43) ~[datafixerupper-6.0.8.jar:?]
	at net.minecraft.resource.DirectoryResourcePack.findResources(DirectoryResourcePack.java:100) ~[client-intermediary.jar:?]
	at net.minecraft.resource.NamespaceResourceManager.findResources(NamespaceResourceManager.java:202) ~[client-intermediary.jar:?]
	at net.minecraft.resource.LifecycledResourceManagerImpl.findResources(LifecycledResourceManagerImpl.java:107) ~[client-intermediary.jar:?]
	at dev.isxander.yacl3.gui.image.YACLImageReloadListener.reload(YACLImageReloadListener.java:32) ~[yet-another-config-lib-fabric-3.3.2+1.20.4.jar:?]
	at net.minecraft.resource.SimpleResourceReload.method_18368(SimpleResourceReload.java:32) ~[client-intermediary.jar:?]
	at net.minecraft.resource.SimpleResourceReload.<init>(SimpleResourceReload.java:44) ~[client-intermediary.jar:?]
	at net.minecraft.resource.SimpleResourceReload.create(SimpleResourceReload.java:32) ~[client-intermediary.jar:?]
	at net.minecraft.resource.SimpleResourceReload.start(SimpleResourceReload.java:101) ~[client-intermediary.jar:?]
	at net.minecraft.resource.ReloadableResourceManagerImpl.reload(ReloadableResourceManagerImpl.java:47) ~[client-intermediary.jar:?]
	at net.minecraft.client.MinecraftClient.<init>(MinecraftClient.java:700) ~[client-intermediary.jar:?]
	at net.minecraft.client.main.Main.main(Main.java:223) ~[minecraft-1.20.4-client.jar:?]
	at net.fabricmc.loader.impl.game.minecraft.MinecraftGameProvider.launch(MinecraftGameProvider.java:470) ~[fabric-loader-0.15.7.jar:?]
	at net.fabricmc.loader.impl.launch.knot.Knot.launch(Knot.java:74) ~[fabric-loader-0.15.7.jar:?]
	at net.fabricmc.loader.impl.launch.knot.KnotClient.main(KnotClient.java:23) ~[fabric-loader-0.15.7.jar:?]
	at org.prismlauncher.launcher.impl.StandardLauncher.launch(StandardLauncher.java:87) ~[NewLaunch.jar:?]
	at org.prismlauncher.EntryPoint.listen(EntryPoint.java:129) ~[NewLaunch.jar:?]
	at org.prismlauncher.EntryPoint.main(EntryPoint.java:70) ~[NewLaunch.jar:?]
[03:46:03] [Worker-Main-4/INFO]: Found unifont_all_no_pua-15.1.04.hex, loading
[03:46:03] [Worker-Main-1/ERROR]: Failed to list path /workspace/PrismLauncher/instances/1.20.4/.minecraft/resourcepacks/BlenderRP 1.19.4/assets/.mcassetsroot/optifine/ctm
java.nio.file.FileSystemException: /workspace/PrismLauncher/instances/1.20.4/.minecraft/resourcepacks/BlenderRP 1.19.4/assets/.mcassetsroot/optifine/ctm: Not a directory
	at sun.nio.fs.UnixException.translateToIOException(UnixException.java:100) ~[?:?]
	at sun.nio.fs.UnixException.rethrowAsIOException(UnixException.java:106) ~[?:?]
	at sun.nio.fs.UnixException.rethrowAsIOException(UnixException.java:111) ~[?:?]
	at sun.nio.fs.UnixFileAttributeViews$Basic.readAttributes(UnixFileAttributeViews.java:55) ~[?:?]
	at sun.nio.fs.UnixFileSystemProvider.readAttributes(UnixFileSystemProvider.java:148) ~[?:?]
	at sun.nio.fs.LinuxFileSystemProvider.readAttributes(LinuxFileSystemProvider.java:99) ~[?:?]
	at java.nio.file.Files.readAttributes(Files.java:1851) ~[?:?]
	at java.nio.file.FileTreeWalker.getAttributes(FileTreeWalker.java:220) ~[?:?]
	at java.nio.file.FileTreeWalker.visit(FileTreeWalker.java:277) ~[?:?]
	at java.nio.file.FileTreeWalker.walk(FileTreeWalker.java:323) ~[?:?]
	at java.nio.file.FileTreeIterator.<init>(FileTreeIterator.java:71) ~[?:?]
	at java.nio.file.Files.find(Files.java:4036) ~[?:?]
	at net.minecraft.resource.DirectoryResourcePack.findResources(DirectoryResourcePack.java:111) ~[client-intermediary.jar:?]
	at net.minecraft.resource.DirectoryResourcePack.method_45181(DirectoryResourcePack.java:102) ~[client-intermediary.jar:?]
	at com.mojang.datafixers.util.Either$Left.ifLeft(Either.java:43) ~[datafixerupper-6.0.8.jar:?]
	at net.minecraft.resource.DirectoryResourcePack.findResources(DirectoryResourcePack.java:100) ~[client-intermediary.jar:?]
	at me.pepperbell.continuity.client.resource.CTMPropertiesLoader.loadAll(CTMPropertiesLoader.java:66) ~[continuity-3.0.0-beta.4+1.20.2.jar:?]
	at me.pepperbell.continuity.client.resource.CTMPropertiesLoader.loadAll(CTMPropertiesLoader.java:55) ~[continuity-3.0.0-beta.4+1.20.2.jar:?]
	at me.pepperbell.continuity.client.resource.CTMPropertiesLoader.loadAllWithState(CTMPropertiesLoader.java:38) ~[continuity-3.0.0-beta.4+1.20.2.jar:?]
	at me.pepperbell.continuity.client.resource.BakedModelManagerReloadExtension.lambda$new$0(BakedModelManagerReloadExtension.java:29) ~[continuity-3.0.0-beta.4+1.20.2.jar:?]
	at java.util.concurrent.CompletableFuture$AsyncSupply.run(CompletableFuture.java:1768) ~[?:?]
	at java.util.concurrent.CompletableFuture$AsyncSupply.exec(CompletableFuture.java:1760) ~[?:?]
	at java.util.concurrent.ForkJoinTask.doExec(ForkJoinTask.java:373) ~[?:?]
	at java.util.concurrent.ForkJoinPool$WorkQueue.topLevelExec(ForkJoinPool.java:1182) ~[?:?]
	at java.util.concurrent.ForkJoinPool.scan(ForkJoinPool.java:1655) ~[?:?]
	at java.util.concurrent.ForkJoinPool.runWorker(ForkJoinPool.java:1622) ~[?:?]
	at java.util.concurrent.ForkJoinWorkerThread.run(ForkJoinWorkerThread.java:165) ~[?:?]
[03:46:03] [Worker-Main-1/ERROR]: Failed to list path /workspace/PrismLauncher/instances/1.20.4/.minecraft/resourcepacks/BlenderRP 1.19.4/assets/.mcassetsroot/models
java.nio.file.FileSystemException: /workspace/PrismLauncher/instances/1.20.4/.minecraft/resourcepacks/BlenderRP 1.19.4/assets/.mcassetsroot/models: Not a directory
	at sun.nio.fs.UnixException.translateToIOException(UnixException.java:100) ~[?:?]
	at sun.nio.fs.UnixException.rethrowAsIOException(UnixException.java:106) ~[?:?]
	at sun.nio.fs.UnixException.rethrowAsIOException(UnixException.java:111) ~[?:?]
	at sun.nio.fs.UnixFileAttributeViews$Basic.readAttributes(UnixFileAttributeViews.java:55) ~[?:?]
	at sun.nio.fs.UnixFileSystemProvider.readAttributes(UnixFileSystemProvider.java:148) ~[?:?]
	at sun.nio.fs.LinuxFileSystemProvider.readAttributes(LinuxFileSystemProvider.java:99) ~[?:?]
	at java.nio.file.Files.readAttributes(Files.java:1851) ~[?:?]
	at java.nio.file.FileTreeWalker.getAttributes(FileTreeWalker.java:220) ~[?:?]
	at java.nio.file.FileTreeWalker.visit(FileTreeWalker.java:277) ~[?:?]
	at java.nio.file.FileTreeWalker.walk(FileTreeWalker.java:323) ~[?:?]
	at java.nio.file.FileTreeIterator.<init>(FileTreeIterator.java:71) ~[?:?]
	at java.nio.file.Files.find(Files.java:4036) ~[?:?]
	at net.minecraft.resource.DirectoryResourcePack.findResources(DirectoryResourcePack.java:111) ~[client-intermediary.jar:?]
	at net.minecraft.resource.DirectoryResourcePack.method_45181(DirectoryResourcePack.java:102) ~[client-intermediary.jar:?]
	at com.mojang.datafixers.util.Either$Left.ifLeft(Either.java:43) ~[datafixerupper-6.0.8.jar:?]
	at net.minecraft.resource.DirectoryResourcePack.findResources(DirectoryResourcePack.java:100) ~[client-intermediary.jar:?]
	at net.minecraft.resource.NamespaceResourceManager.findResources(NamespaceResourceManager.java:202) ~[client-intermediary.jar:?]
	at net.minecraft.resource.LifecycledResourceManagerImpl.findResources(LifecycledResourceManagerImpl.java:107) ~[client-intermediary.jar:?]
	at net.minecraft.resource.ResourceFinder.findResources(ResourceFinder.java:32) ~[client-intermediary.jar:?]
	at net.minecraft.client.render.model.BakedModelManager.method_45895(BakedModelManager.java:99) ~[client-intermediary.jar:?]
	at java.util.concurrent.CompletableFuture$AsyncSupply.run(CompletableFuture.java:1768) ~[?:?]
	at java.util.concurrent.CompletableFuture$AsyncSupply.exec(CompletableFuture.java:1760) ~[?:?]
	at java.util.concurrent.ForkJoinTask.doExec(ForkJoinTask.java:373) ~[?:?]
	at java.util.concurrent.ForkJoinPool$WorkQueue.topLevelExec(ForkJoinPool.java:1182) ~[?:?]
	at java.util.concurrent.ForkJoinPool.scan(ForkJoinPool.java:1655) ~[?:?]
	at java.util.concurrent.ForkJoinPool.runWorker(ForkJoinPool.java:1622) ~[?:?]
	at java.util.concurrent.ForkJoinWorkerThread.run(ForkJoinWorkerThread.java:165) ~[?:?]
[03:46:03] [Worker-Main-2/ERROR]: Failed to list path /workspace/PrismLauncher/instances/1.20.4/.minecraft/resourcepacks/BlenderRP 1.19.4/assets/.mcassetsroot/blockstates
java.nio.file.FileSystemException: /workspace/PrismLauncher/instances/1.20.4/.minecraft/resourcepacks/BlenderRP 1.19.4/assets/.mcassetsroot/blockstates: Not a directory
	at sun.nio.fs.UnixException.translateToIOException(UnixException.java:100) ~[?:?]
	at sun.nio.fs.UnixException.rethrowAsIOException(UnixException.java:106) ~[?:?]
	at sun.nio.fs.UnixException.rethrowAsIOException(UnixException.java:111) ~[?:?]
	at sun.nio.fs.UnixFileAttributeViews$Basic.readAttributes(UnixFileAttributeViews.java:55) ~[?:?]
	at sun.nio.fs.UnixFileSystemProvider.readAttributes(UnixFileSystemProvider.java:148) ~[?:?]
	at sun.nio.fs.LinuxFileSystemProvider.readAttributes(LinuxFileSystemProvider.java:99) ~[?:?]
	at java.nio.file.Files.readAttributes(Files.java:1851) ~[?:?]
	at java.nio.file.FileTreeWalker.getAttributes(FileTreeWalker.java:220) ~[?:?]
	at java.nio.file.FileTreeWalker.visit(FileTreeWalker.java:277) ~[?:?]
	at java.nio.file.FileTreeWalker.walk(FileTreeWalker.java:323) ~[?:?]
	at java.nio.file.FileTreeIterator.<init>(FileTreeIterator.java:71) ~[?:?]
	at java.nio.file.Files.find(Files.java:4036) ~[?:?]
	at net.minecraft.resource.DirectoryResourcePack.findResources(DirectoryResourcePack.java:111) ~[client-intermediary.jar:?]
	at net.minecraft.resource.DirectoryResourcePack.method_45181(DirectoryResourcePack.java:102) ~[client-intermediary.jar:?]
	at com.mojang.datafixers.util.Either$Left.ifLeft(Either.java:43) ~[datafixerupper-6.0.8.jar:?]
	at net.minecraft.resource.DirectoryResourcePack.findResources(DirectoryResourcePack.java:100) ~[client-intermediary.jar:?]
	at net.minecraft.resource.NamespaceResourceManager.findAndAdd(NamespaceResourceManager.java:290) ~[client-intermediary.jar:?]
	at net.minecraft.resource.NamespaceResourceManager.findAllResources(NamespaceResourceManager.java:312) ~[client-intermediary.jar:?]
	at net.minecraft.resource.LifecycledResourceManagerImpl.findAllResources(LifecycledResourceManagerImpl.java:121) ~[client-intermediary.jar:?]
	at net.minecraft.resource.ResourceFinder.findAllResources(ResourceFinder.java:36) ~[client-intermediary.jar:?]
	at net.minecraft.client.render.model.BakedModelManager.method_45880(BakedModelManager.java:117) ~[client-intermediary.jar:?]
	at java.util.concurrent.CompletableFuture$AsyncSupply.run(CompletableFuture.java:1768) ~[?:?]
	at java.util.concurrent.CompletableFuture$AsyncSupply.exec(CompletableFuture.java:1760) ~[?:?]
	at java.util.concurrent.ForkJoinTask.doExec(ForkJoinTask.java:373) ~[?:?]
	at java.util.concurrent.ForkJoinPool$WorkQueue.topLevelExec(ForkJoinPool.java:1182) ~[?:?]
	at java.util.concurrent.ForkJoinPool.scan(ForkJoinPool.java:1655) ~[?:?]
	at java.util.concurrent.ForkJoinPool.runWorker(ForkJoinPool.java:1622) ~[?:?]
	at java.util.concurrent.ForkJoinWorkerThread.run(ForkJoinWorkerThread.java:165) ~[?:?]
[03:46:03] [Render thread/ERROR]: Invalid path in pack: minecraft:textures/entity/fox/new 1.json, ignoring
[03:46:03] [Worker-Main-5/ERROR]: Failed to list path /workspace/PrismLauncher/instances/1.20.4/.minecraft/resourcepacks/BlenderRP 1.19.4/assets/.mcassetsroot/textures/block
java.nio.file.FileSystemException: /workspace/PrismLauncher/instances/1.20.4/.minecraft/resourcepacks/BlenderRP 1.19.4/assets/.mcassetsroot/textures/block: Not a directory
	at sun.nio.fs.UnixException.translateToIOException(UnixException.java:100) ~[?:?]
	at sun.nio.fs.UnixException.rethrowAsIOException(UnixException.java:106) ~[?:?]
	at sun.nio.fs.UnixException.rethrowAsIOException(UnixException.java:111) ~[?:?]
	at sun.nio.fs.UnixFileAttributeViews$Basic.readAttributes(UnixFileAttributeViews.java:55) ~[?:?]
	at sun.nio.fs.UnixFileSystemProvider.readAttributes(UnixFileSystemProvider.java:148) ~[?:?]
	at sun.nio.fs.LinuxFileSystemProvider.readAttributes(LinuxFileSystemProvider.java:99) ~[?:?]
	at java.nio.file.Files.readAttributes(Files.java:1851) ~[?:?]
	at java.nio.file.FileTreeWalker.getAttributes(FileTreeWalker.java:220) ~[?:?]
	at java.nio.file.FileTreeWalker.visit(FileTreeWalker.java:277) ~[?:?]
	at java.nio.file.FileTreeWalker.walk(FileTreeWalker.java:323) ~[?:?]
	at java.nio.file.FileTreeIterator.<init>(FileTreeIterator.java:71) ~[?:?]
	at java.nio.file.Files.find(Files.java:4036) ~[?:?]
	at net.minecraft.resource.DirectoryResourcePack.findResources(DirectoryResourcePack.java:111) ~[client-intermediary.jar:?]
	at net.minecraft.resource.DirectoryResourcePack.method_45181(DirectoryResourcePack.java:102) ~[client-intermediary.jar:?]
	at com.mojang.datafixers.util.Either$Left.ifLeft(Either.java:43) ~[datafixerupper-6.0.8.jar:?]
	at net.minecraft.resource.DirectoryResourcePack.findResources(DirectoryResourcePack.java:100) ~[client-intermediary.jar:?]
	at net.minecraft.resource.NamespaceResourceManager.findResources(NamespaceResourceManager.java:202) ~[client-intermediary.jar:?]
	at net.minecraft.resource.LifecycledResourceManagerImpl.findResources(LifecycledResourceManagerImpl.java:107) ~[client-intermediary.jar:?]
	at net.minecraft.resource.ResourceFinder.findResources(ResourceFinder.java:32) ~[client-intermediary.jar:?]
	at net.minecraft.client.texture.atlas.DirectoryAtlasSource.load(DirectoryAtlasSource.java:30) ~[client-intermediary.jar:?]
	at net.minecraft.client.texture.atlas.AtlasLoader.method_47669(AtlasLoader.java:61) ~[client-intermediary.jar:?]
	at java.util.ArrayList.forEach(ArrayList.java:1511) ~[?:?]
	at net.minecraft.client.texture.atlas.AtlasLoader.loadSources(AtlasLoader.java:61) ~[client-intermediary.jar:?]
	at net.minecraft.client.texture.SpriteLoader.method_47660(SpriteLoader.java:117) ~[client-intermediary.jar:?]
	at net.minecraft.client.texture.SpriteLoader.md2a679a$continuity$lambda$continuity$modifySupplier$1$4(SpriteLoader.java:548) ~[client-intermediary.jar:?]
	at java.util.concurrent.CompletableFuture$AsyncSupply.run(CompletableFuture.java:1768) ~[?:?]
	at java.util.concurrent.CompletableFuture$AsyncSupply.exec(CompletableFuture.java:1760) ~[?:?]
	at java.util.concurrent.ForkJoinTask.doExec(ForkJoinTask.java:373) ~[?:?]
	at java.util.concurrent.ForkJoinPool$WorkQueue.topLevelExec(ForkJoinPool.java:1182) ~[?:?]
	at java.util.concurrent.ForkJoinPool.scan(ForkJoinPool.java:1655) ~[?:?]
	at java.util.concurrent.ForkJoinPool.runWorker(ForkJoinPool.java:1622) ~[?:?]
	at java.util.concurrent.ForkJoinWorkerThread.run(ForkJoinWorkerThread.java:165) ~[?:?]
[03:46:03] [Render thread/INFO]: YACL has found 0 images
[03:46:03] [Worker-Main-3/ERROR]: Failed to list path /workspace/PrismLauncher/instances/1.20.4/.minecraft/resourcepacks/BlenderRP 1.19.4/assets/.mcassetsroot/textures/entity/signs
java.nio.file.FileSystemException: /workspace/PrismLauncher/instances/1.20.4/.minecraft/resourcepacks/BlenderRP 1.19.4/assets/.mcassetsroot/textures/entity/signs: Not a directory
	at sun.nio.fs.UnixException.translateToIOException(UnixException.java:100) ~[?:?]
	at sun.nio.fs.UnixException.rethrowAsIOException(UnixException.java:106) ~[?:?]
	at sun.nio.fs.UnixException.rethrowAsIOException(UnixException.java:111) ~[?:?]
	at sun.nio.fs.UnixFileAttributeViews$Basic.readAttributes(UnixFileAttributeViews.java:55) ~[?:?]
	at sun.nio.fs.UnixFileSystemProvider.readAttributes(UnixFileSystemProvider.java:148) ~[?:?]
	at sun.nio.fs.LinuxFileSystemProvider.readAttributes(LinuxFileSystemProvider.java:99) ~[?:?]
	at java.nio.file.Files.readAttributes(Files.java:1851) ~[?:?]
	at java.nio.file.FileTreeWalker.getAttributes(FileTreeWalker.java:220) ~[?:?]
	at java.nio.file.FileTreeWalker.visit(FileTreeWalker.java:277) ~[?:?]
	at java.nio.file.FileTreeWalker.walk(FileTreeWalker.java:323) ~[?:?]
	at java.nio.file.FileTreeIterator.<init>(FileTreeIterator.java:71) ~[?:?]
	at java.nio.file.Files.find(Files.java:4036) ~[?:?]
	at net.minecraft.resource.DirectoryResourcePack.findResources(DirectoryResourcePack.java:111) ~[client-intermediary.jar:?]
	at net.minecraft.resource.DirectoryResourcePack.method_45181(DirectoryResourcePack.java:102) ~[client-intermediary.jar:?]
	at com.mojang.datafixers.util.Either$Left.ifLeft(Either.java:43) ~[datafixerupper-6.0.8.jar:?]
	at net.minecraft.resource.DirectoryResourcePack.findResources(DirectoryResourcePack.java:100) ~[client-intermediary.jar:?]
	at net.minecraft.resource.NamespaceResourceManager.findResources(NamespaceResourceManager.java:202) ~[client-intermediary.jar:?]
	at net.minecraft.resource.LifecycledResourceManagerImpl.findResources(LifecycledResourceManagerImpl.java:107) ~[client-intermediary.jar:?]
	at net.minecraft.resource.ResourceFinder.findResources(ResourceFinder.java:32) ~[client-intermediary.jar:?]
	at net.minecraft.client.texture.atlas.DirectoryAtlasSource.load(DirectoryAtlasSource.java:30) ~[client-intermediary.jar:?]
	at net.minecraft.client.texture.atlas.AtlasLoader.method_47669(AtlasLoader.java:61) ~[client-intermediary.jar:?]
	at java.util.ArrayList.forEach(ArrayList.java:1511) ~[?:?]
	at net.minecraft.client.texture.atlas.AtlasLoader.loadSources(AtlasLoader.java:61) ~[client-intermediary.jar:?]
	at net.minecraft.client.texture.SpriteLoader.method_47660(SpriteLoader.java:117) ~[client-intermediary.jar:?]
	at net.minecraft.client.texture.SpriteLoader.md2a679a$continuity$lambda$continuity$modifySupplier$3$2(SpriteLoader.java:556) ~[client-intermediary.jar:?]
	at java.util.concurrent.CompletableFuture$AsyncSupply.run(CompletableFuture.java:1768) ~[?:?]
	at java.util.concurrent.CompletableFuture$AsyncSupply.exec(CompletableFuture.java:1760) ~[?:?]
	at java.util.concurrent.ForkJoinTask.doExec(ForkJoinTask.java:373) ~[?:?]
	at java.util.concurrent.ForkJoinPool$WorkQueue.topLevelExec(ForkJoinPool.java:1182) ~[?:?]
	at java.util.concurrent.ForkJoinPool.scan(ForkJoinPool.java:1655) ~[?:?]
	at java.util.concurrent.ForkJoinPool.runWorker(ForkJoinPool.java:1622) ~[?:?]
	at java.util.concurrent.ForkJoinWorkerThread.run(ForkJoinWorkerThread.java:165) ~[?:?]
[03:46:03] [Worker-Main-5/ERROR]: Failed to list path /workspace/PrismLauncher/instances/1.20.4/.minecraft/resourcepacks/BlenderRP 1.19.4/assets/.mcassetsroot/textures/item
java.nio.file.FileSystemException: /workspace/PrismLauncher/instances/1.20.4/.minecraft/resourcepacks/BlenderRP 1.19.4/assets/.mcassetsroot/textures/item: Not a directory
	at sun.nio.fs.UnixException.translateToIOException(UnixException.java:100) ~[?:?]
	at sun.nio.fs.UnixException.rethrowAsIOException(UnixException.java:106) ~[?:?]
	at sun.nio.fs.UnixException.rethrowAsIOException(UnixException.java:111) ~[?:?]
	at sun.nio.fs.UnixFileAttributeViews$Basic.readAttributes(UnixFileAttributeViews.java:55) ~[?:?]
	at sun.nio.fs.UnixFileSystemProvider.readAttributes(UnixFileSystemProvider.java:148) ~[?:?]
	at sun.nio.fs.LinuxFileSystemProvider.readAttributes(LinuxFileSystemProvider.java:99) ~[?:?]
	at java.nio.file.Files.readAttributes(Files.java:1851) ~[?:?]
	at java.nio.file.FileTreeWalker.getAttributes(FileTreeWalker.java:220) ~[?:?]
	at java.nio.file.FileTreeWalker.visit(FileTreeWalker.java:277) ~[?:?]
	at java.nio.file.FileTreeWalker.walk(FileTreeWalker.java:323) ~[?:?]
	at java.nio.file.FileTreeIterator.<init>(FileTreeIterator.java:71) ~[?:?]
	at java.nio.file.Files.find(Files.java:4036) ~[?:?]
	at net.minecraft.resource.DirectoryResourcePack.findResources(DirectoryResourcePack.java:111) ~[client-intermediary.jar:?]
	at net.minecraft.resource.DirectoryResourcePack.method_45181(DirectoryResourcePack.java:102) ~[client-intermediary.jar:?]
	at com.mojang.datafixers.util.Either$Left.ifLeft(Either.java:43) ~[datafixerupper-6.0.8.jar:?]
	at net.minecraft.resource.DirectoryResourcePack.findResources(DirectoryResourcePack.java:100) ~[client-intermediary.jar:?]
	at net.minecraft.resource.NamespaceResourceManager.findResources(NamespaceResourceManager.java:202) ~[client-intermediary.jar:?]
	at net.minecraft.resource.LifecycledResourceManagerImpl.findResources(LifecycledResourceManagerImpl.java:107) ~[client-intermediary.jar:?]
	at net.minecraft.resource.ResourceFinder.findResources(ResourceFinder.java:32) ~[client-intermediary.jar:?]
	at net.minecraft.client.texture.atlas.DirectoryAtlasSource.load(DirectoryAtlasSource.java:30) ~[client-intermediary.jar:?]
	at net.minecraft.client.texture.atlas.AtlasLoader.method_47669(AtlasLoader.java:61) ~[client-intermediary.jar:?]
	at java.util.ArrayList.forEach(ArrayList.java:1511) ~[?:?]
	at net.minecraft.client.texture.atlas.AtlasLoader.loadSources(AtlasLoader.java:61) ~[client-intermediary.jar:?]
	at net.minecraft.client.texture.SpriteLoader.method_47660(SpriteLoader.java:117) ~[client-intermediary.jar:?]
	at net.minecraft.client.texture.SpriteLoader.md2a679a$continuity$lambda$continuity$modifySupplier$1$4(SpriteLoader.java:548) ~[client-intermediary.jar:?]
	at java.util.concurrent.CompletableFuture$AsyncSupply.run(CompletableFuture.java:1768) ~[?:?]
	at java.util.concurrent.CompletableFuture$AsyncSupply.exec(CompletableFuture.java:1760) ~[?:?]
	at java.util.concurrent.ForkJoinTask.doExec(ForkJoinTask.java:373) ~[?:?]
	at java.util.concurrent.ForkJoinPool$WorkQueue.topLevelExec(ForkJoinPool.java:1182) ~[?:?]
	at java.util.concurrent.ForkJoinPool.scan(ForkJoinPool.java:1655) ~[?:?]
	at java.util.concurrent.ForkJoinPool.runWorker(ForkJoinPool.java:1622) ~[?:?]
	at java.util.concurrent.ForkJoinWorkerThread.run(ForkJoinWorkerThread.java:165) ~[?:?]
[03:46:03] [Worker-Main-5/ERROR]: Failed to list path /workspace/PrismLauncher/instances/1.20.4/.minecraft/resourcepacks/BlenderRP 1.19.4/assets/.mcassetsroot/textures/entity/conduit
java.nio.file.FileSystemException: /workspace/PrismLauncher/instances/1.20.4/.minecraft/resourcepacks/BlenderRP 1.19.4/assets/.mcassetsroot/textures/entity/conduit: Not a directory
	at sun.nio.fs.UnixException.translateToIOException(UnixException.java:100) ~[?:?]
	at sun.nio.fs.UnixException.rethrowAsIOException(UnixException.java:106) ~[?:?]
	at sun.nio.fs.UnixException.rethrowAsIOException(UnixException.java:111) ~[?:?]
	at sun.nio.fs.UnixFileAttributeViews$Basic.readAttributes(UnixFileAttributeViews.java:55) ~[?:?]
	at sun.nio.fs.UnixFileSystemProvider.readAttributes(UnixFileSystemProvider.java:148) ~[?:?]
	at sun.nio.fs.LinuxFileSystemProvider.readAttributes(LinuxFileSystemProvider.java:99) ~[?:?]
	at java.nio.file.Files.readAttributes(Files.java:1851) ~[?:?]
	at java.nio.file.FileTreeWalker.getAttributes(FileTreeWalker.java:220) ~[?:?]
	at java.nio.file.FileTreeWalker.visit(FileTreeWalker.java:277) ~[?:?]
	at java.nio.file.FileTreeWalker.walk(FileTreeWalker.java:323) ~[?:?]
	at java.nio.file.FileTreeIterator.<init>(FileTreeIterator.java:71) ~[?:?]
	at java.nio.file.Files.find(Files.java:4036) ~[?:?]
	at net.minecraft.resource.DirectoryResourcePack.findResources(DirectoryResourcePack.java:111) ~[client-intermediary.jar:?]
	at net.minecraft.resource.DirectoryResourcePack.method_45181(DirectoryResourcePack.java:102) ~[client-intermediary.jar:?]
	at com.mojang.datafixers.util.Either$Left.ifLeft(Either.java:43) ~[datafixerupper-6.0.8.jar:?]
	at net.minecraft.resource.DirectoryResourcePack.findResources(DirectoryResourcePack.java:100) ~[client-intermediary.jar:?]
	at net.minecraft.resource.NamespaceResourceManager.findResources(NamespaceResourceManager.java:202) ~[client-intermediary.jar:?]
	at net.minecraft.resource.LifecycledResourceManagerImpl.findResources(LifecycledResourceManagerImpl.java:107) ~[client-intermediary.jar:?]
	at net.minecraft.resource.ResourceFinder.findResources(ResourceFinder.java:32) ~[client-intermediary.jar:?]
	at net.minecraft.client.texture.atlas.DirectoryAtlasSource.load(DirectoryAtlasSource.java:30) ~[client-intermediary.jar:?]
	at net.minecraft.client.texture.atlas.AtlasLoader.method_47669(AtlasLoader.java:61) ~[client-intermediary.jar:?]
	at java.util.ArrayList.forEach(ArrayList.java:1511) ~[?:?]
	at net.minecraft.client.texture.atlas.AtlasLoader.loadSources(AtlasLoader.java:61) ~[client-intermediary.jar:?]
	at net.minecraft.client.texture.SpriteLoader.method_47660(SpriteLoader.java:117) ~[client-intermediary.jar:?]
	at net.minecraft.client.texture.SpriteLoader.md2a679a$continuity$lambda$continuity$modifySupplier$1$4(SpriteLoader.java:548) ~[client-intermediary.jar:?]
	at java.util.concurrent.CompletableFuture$AsyncSupply.run(CompletableFuture.java:1768) ~[?:?]
	at java.util.concurrent.CompletableFuture$AsyncSupply.exec(CompletableFuture.java:1760) ~[?:?]
	at java.util.concurrent.ForkJoinTask.doExec(ForkJoinTask.java:373) ~[?:?]
	at java.util.concurrent.ForkJoinPool$WorkQueue.topLevelExec(ForkJoinPool.java:1182) ~[?:?]
	at java.util.concurrent.ForkJoinPool.scan(ForkJoinPool.java:1655) ~[?:?]
	at java.util.concurrent.ForkJoinPool.runWorker(ForkJoinPool.java:1622) ~[?:?]
	at java.util.concurrent.ForkJoinWorkerThread.run(ForkJoinWorkerThread.java:165) ~[?:?]
[03:46:03] [Worker-Main-2/ERROR]: Failed to list path /workspace/PrismLauncher/instances/1.20.4/.minecraft/resourcepacks/BlenderRP 1.19.4/assets/.mcassetsroot/textures/entity/banner
java.nio.file.FileSystemException: /workspace/PrismLauncher/instances/1.20.4/.minecraft/resourcepacks/BlenderRP 1.19.4/assets/.mcassetsroot/textures/entity/banner: Not a directory
	at sun.nio.fs.UnixException.translateToIOException(UnixException.java:100) ~[?:?]
	at sun.nio.fs.UnixException.rethrowAsIOException(UnixException.java:106) ~[?:?]
	at sun.nio.fs.UnixException.rethrowAsIOException(UnixException.java:111) ~[?:?]
	at sun.nio.fs.UnixFileAttributeViews$Basic.readAttributes(UnixFileAttributeViews.java:55) ~[?:?]
	at sun.nio.fs.UnixFileSystemProvider.readAttributes(UnixFileSystemProvider.java:148) ~[?:?]
	at sun.nio.fs.LinuxFileSystemProvider.readAttributes(LinuxFileSystemProvider.java:99) ~[?:?]
	at java.nio.file.Files.readAttributes(Files.java:1851) ~[?:?]
	at java.nio.file.FileTreeWalker.getAttributes(FileTreeWalker.java:220) ~[?:?]
	at java.nio.file.FileTreeWalker.visit(FileTreeWalker.java:277) ~[?:?]
	at java.nio.file.FileTreeWalker.walk(FileTreeWalker.java:323) ~[?:?]
	at java.nio.file.FileTreeIterator.<init>(FileTreeIterator.java:71) ~[?:?]
	at java.nio.file.Files.find(Files.java:4036) ~[?:?]
	at net.minecraft.resource.DirectoryResourcePack.findResources(DirectoryResourcePack.java:111) ~[client-intermediary.jar:?]
	at net.minecraft.resource.DirectoryResourcePack.method_45181(DirectoryResourcePack.java:102) ~[client-intermediary.jar:?]
	at com.mojang.datafixers.util.Either$Left.ifLeft(Either.java:43) ~[datafixerupper-6.0.8.jar:?]
	at net.minecraft.resource.DirectoryResourcePack.findResources(DirectoryResourcePack.java:100) ~[client-intermediary.jar:?]
	at net.minecraft.resource.NamespaceResourceManager.findResources(NamespaceResourceManager.java:202) ~[client-intermediary.jar:?]
	at net.minecraft.resource.LifecycledResourceManagerImpl.findResources(LifecycledResourceManagerImpl.java:107) ~[client-intermediary.jar:?]
	at net.minecraft.resource.ResourceFinder.findResources(ResourceFinder.java:32) ~[client-intermediary.jar:?]
	at net.minecraft.client.texture.atlas.DirectoryAtlasSource.load(DirectoryAtlasSource.java:30) ~[client-intermediary.jar:?]
	at net.minecraft.client.texture.atlas.AtlasLoader.method_47669(AtlasLoader.java:61) ~[client-intermediary.jar:?]
	at java.util.ArrayList.forEach(ArrayList.java:1511) ~[?:?]
	at net.minecraft.client.texture.atlas.AtlasLoader.loadSources(AtlasLoader.java:61) ~[client-intermediary.jar:?]
	at net.minecraft.client.texture.SpriteLoader.method_47660(SpriteLoader.java:117) ~[client-intermediary.jar:?]
	at net.minecraft.client.texture.SpriteLoader.md2a679a$continuity$lambda$continuity$modifySupplier$3$2(SpriteLoader.java:556) ~[client-intermediary.jar:?]
	at java.util.concurrent.CompletableFuture$AsyncSupply.run(CompletableFuture.java:1768) ~[?:?]
	at java.util.concurrent.CompletableFuture$AsyncSupply.exec(CompletableFuture.java:1760) ~[?:?]
	at java.util.concurrent.ForkJoinTask.doExec(ForkJoinTask.java:373) ~[?:?]
	at java.util.concurrent.ForkJoinPool$WorkQueue.topLevelExec(ForkJoinPool.java:1182) ~[?:?]
	at java.util.concurrent.ForkJoinPool.scan(ForkJoinPool.java:1655) ~[?:?]
	at java.util.concurrent.ForkJoinPool.runWorker(ForkJoinPool.java:1622) ~[?:?]
	at java.util.concurrent.ForkJoinWorkerThread.run(ForkJoinWorkerThread.java:165) ~[?:?]
[03:46:03] [Worker-Main-3/ERROR]: Failed to list path /workspace/PrismLauncher/instances/1.20.4/.minecraft/resourcepacks/BlenderRP 1.19.4/assets/.mcassetsroot/textures/entity/shield
java.nio.file.FileSystemException: /workspace/PrismLauncher/instances/1.20.4/.minecraft/resourcepacks/BlenderRP 1.19.4/assets/.mcassetsroot/textures/entity/shield: Not a directory
	at sun.nio.fs.UnixException.translateToIOException(UnixException.java:100) ~[?:?]
	at sun.nio.fs.UnixException.rethrowAsIOException(UnixException.java:106) ~[?:?]
	at sun.nio.fs.UnixException.rethrowAsIOException(UnixException.java:111) ~[?:?]
	at sun.nio.fs.UnixFileAttributeViews$Basic.readAttributes(UnixFileAttributeViews.java:55) ~[?:?]
	at sun.nio.fs.UnixFileSystemProvider.readAttributes(UnixFileSystemProvider.java:148) ~[?:?]
	at sun.nio.fs.LinuxFileSystemProvider.readAttributes(LinuxFileSystemProvider.java:99) ~[?:?]
	at java.nio.file.Files.readAttributes(Files.java:1851) ~[?:?]
	at java.nio.file.FileTreeWalker.getAttributes(FileTreeWalker.java:220) ~[?:?]
	at java.nio.file.FileTreeWalker.visit(FileTreeWalker.java:277) ~[?:?]
	at java.nio.file.FileTreeWalker.walk(FileTreeWalker.java:323) ~[?:?]
	at java.nio.file.FileTreeIterator.<init>(FileTreeIterator.java:71) ~[?:?]
	at java.nio.file.Files.find(Files.java:4036) ~[?:?]
	at net.minecraft.resource.DirectoryResourcePack.findResources(DirectoryResourcePack.java:111) ~[client-intermediary.jar:?]
	at net.minecraft.resource.DirectoryResourcePack.method_45181(DirectoryResourcePack.java:102) ~[client-intermediary.jar:?]
	at com.mojang.datafixers.util.Either$Left.ifLeft(Either.java:43) ~[datafixerupper-6.0.8.jar:?]
	at net.minecraft.resource.DirectoryResourcePack.findResources(DirectoryResourcePack.java:100) ~[client-intermediary.jar:?]
	at net.minecraft.resource.NamespaceResourceManager.findResources(NamespaceResourceManager.java:202) ~[client-intermediary.jar:?]
	at net.minecraft.resource.LifecycledResourceManagerImpl.findResources(LifecycledResourceManagerImpl.java:107) ~[client-intermediary.jar:?]
	at net.minecraft.resource.ResourceFinder.findResources(ResourceFinder.java:32) ~[client-intermediary.jar:?]
	at net.minecraft.client.texture.atlas.DirectoryAtlasSource.load(DirectoryAtlasSource.java:30) ~[client-intermediary.jar:?]
	at net.minecraft.client.texture.atlas.AtlasLoader.method_47669(AtlasLoader.java:61) ~[client-intermediary.jar:?]
	at java.util.ArrayList.forEach(ArrayList.java:1511) ~[?:?]
	at net.minecraft.client.texture.atlas.AtlasLoader.loadSources(AtlasLoader.java:61) ~[client-intermediary.jar:?]
	at net.minecraft.client.texture.SpriteLoader.method_47660(SpriteLoader.java:117) ~[client-intermediary.jar:?]
	at net.minecraft.client.texture.SpriteLoader.md2a679a$continuity$lambda$continuity$modifySupplier$3$2(SpriteLoader.java:556) ~[client-intermediary.jar:?]
	at java.util.concurrent.CompletableFuture$AsyncSupply.run(CompletableFuture.java:1768) ~[?:?]
	at java.util.concurrent.CompletableFuture$AsyncSupply.exec(CompletableFuture.java:1760) ~[?:?]
	at java.util.concurrent.ForkJoinTask.doExec(ForkJoinTask.java:373) ~[?:?]
	at java.util.concurrent.ForkJoinPool$WorkQueue.topLevelExec(ForkJoinPool.java:1182) ~[?:?]
	at java.util.concurrent.ForkJoinPool.scan(ForkJoinPool.java:1655) ~[?:?]
	at java.util.concurrent.ForkJoinPool.runWorker(ForkJoinPool.java:1622) ~[?:?]
	at java.util.concurrent.ForkJoinWorkerThread.run(ForkJoinWorkerThread.java:165) ~[?:?]
[03:46:03] [Worker-Main-3/ERROR]: Failed to list path /workspace/PrismLauncher/instances/1.20.4/.minecraft/resourcepacks/BlenderRP 1.19.4/assets/.mcassetsroot/textures/entity/chest
java.nio.file.FileSystemException: /workspace/PrismLauncher/instances/1.20.4/.minecraft/resourcepacks/BlenderRP 1.19.4/assets/.mcassetsroot/textures/entity/chest: Not a directory
	at sun.nio.fs.UnixException.translateToIOException(UnixException.java:100) ~[?:?]
	at sun.nio.fs.UnixException.rethrowAsIOException(UnixException.java:106) ~[?:?]
	at sun.nio.fs.UnixException.rethrowAsIOException(UnixException.java:111) ~[?:?]
	at sun.nio.fs.UnixFileAttributeViews$Basic.readAttributes(UnixFileAttributeViews.java:55) ~[?:?]
	at sun.nio.fs.UnixFileSystemProvider.readAttributes(UnixFileSystemProvider.java:148) ~[?:?]
	at sun.nio.fs.LinuxFileSystemProvider.readAttributes(LinuxFileSystemProvider.java:99) ~[?:?]
	at java.nio.file.Files.readAttributes(Files.java:1851) ~[?:?]
	at java.nio.file.FileTreeWalker.getAttributes(FileTreeWalker.java:220) ~[?:?]
	at java.nio.file.FileTreeWalker.visit(FileTreeWalker.java:277) ~[?:?]
	at java.nio.file.FileTreeWalker.walk(FileTreeWalker.java:323) ~[?:?]
	at java.nio.file.FileTreeIterator.<init>(FileTreeIterator.java:71) ~[?:?]
	at java.nio.file.Files.find(Files.java:4036) ~[?:?]
	at net.minecraft.resource.DirectoryResourcePack.findResources(DirectoryResourcePack.java:111) ~[client-intermediary.jar:?]
	at net.minecraft.resource.DirectoryResourcePack.method_45181(DirectoryResourcePack.java:102) ~[client-intermediary.jar:?]
	at com.mojang.datafixers.util.Either$Left.ifLeft(Either.java:43) ~[datafixerupper-6.0.8.jar:?]
	at net.minecraft.resource.DirectoryResourcePack.findResources(DirectoryResourcePack.java:100) ~[client-intermediary.jar:?]
	at net.minecraft.resource.NamespaceResourceManager.findResources(NamespaceResourceManager.java:202) ~[client-intermediary.jar:?]
	at net.minecraft.resource.LifecycledResourceManagerImpl.findResources(LifecycledResourceManagerImpl.java:107) ~[client-intermediary.jar:?]
	at net.minecraft.resource.ResourceFinder.findResources(ResourceFinder.java:32) ~[client-intermediary.jar:?]
	at net.minecraft.client.texture.atlas.DirectoryAtlasSource.load(DirectoryAtlasSource.java:30) ~[client-intermediary.jar:?]
	at net.minecraft.client.texture.atlas.AtlasLoader.method_47669(AtlasLoader.java:61) ~[client-intermediary.jar:?]
	at java.util.ArrayList.forEach(ArrayList.java:1511) ~[?:?]
	at net.minecraft.client.texture.atlas.AtlasLoader.loadSources(AtlasLoader.java:61) ~[client-intermediary.jar:?]
	at net.minecraft.client.texture.SpriteLoader.method_47660(SpriteLoader.java:117) ~[client-intermediary.jar:?]
	at net.minecraft.client.texture.SpriteLoader.md2a679a$continuity$lambda$continuity$modifySupplier$3$2(SpriteLoader.java:556) ~[client-intermediary.jar:?]
	at java.util.concurrent.CompletableFuture$AsyncSupply.run(CompletableFuture.java:1768) ~[?:?]
	at java.util.concurrent.CompletableFuture$AsyncSupply.exec(CompletableFuture.java:1760) ~[?:?]
	at java.util.concurrent.ForkJoinTask.doExec(ForkJoinTask.java:373) ~[?:?]
	at java.util.concurrent.ForkJoinPool$WorkQueue.topLevelExec(ForkJoinPool.java:1182) ~[?:?]
	at java.util.concurrent.ForkJoinPool.scan(ForkJoinPool.java:1655) ~[?:?]
	at java.util.concurrent.ForkJoinPool.runWorker(ForkJoinPool.java:1622) ~[?:?]
	at java.util.concurrent.ForkJoinWorkerThread.run(ForkJoinWorkerThread.java:165) ~[?:?]
[03:46:03] [Worker-Main-3/ERROR]: Failed to list path /workspace/PrismLauncher/instances/1.20.4/.minecraft/resourcepacks/BlenderRP 1.19.4/assets/.mcassetsroot/textures/entity/decorated_pot
java.nio.file.FileSystemException: /workspace/PrismLauncher/instances/1.20.4/.minecraft/resourcepacks/BlenderRP 1.19.4/assets/.mcassetsroot/textures/entity/decorated_pot: Not a directory
	at sun.nio.fs.UnixException.translateToIOException(UnixException.java:100) ~[?:?]
	at sun.nio.fs.UnixException.rethrowAsIOException(UnixException.java:106) ~[?:?]
	at sun.nio.fs.UnixException.rethrowAsIOException(UnixException.java:111) ~[?:?]
	at sun.nio.fs.UnixFileAttributeViews$Basic.readAttributes(UnixFileAttributeViews.java:55) ~[?:?]
	at sun.nio.fs.UnixFileSystemProvider.readAttributes(UnixFileSystemProvider.java:148) ~[?:?]
	at sun.nio.fs.LinuxFileSystemProvider.readAttributes(LinuxFileSystemProvider.java:99) ~[?:?]
	at java.nio.file.Files.readAttributes(Files.java:1851) ~[?:?]
	at java.nio.file.FileTreeWalker.getAttributes(FileTreeWalker.java:220) ~[?:?]
	at java.nio.file.FileTreeWalker.visit(FileTreeWalker.java:277) ~[?:?]
	at java.nio.file.FileTreeWalker.walk(FileTreeWalker.java:323) ~[?:?]
	at java.nio.file.FileTreeIterator.<init>(FileTreeIterator.java:71) ~[?:?]
	at java.nio.file.Files.find(Files.java:4036) ~[?:?]
	at net.minecraft.resource.DirectoryResourcePack.findResources(DirectoryResourcePack.java:111) ~[client-intermediary.jar:?]
	at net.minecraft.resource.DirectoryResourcePack.method_45181(DirectoryResourcePack.java:102) ~[client-intermediary.jar:?]
	at com.mojang.datafixers.util.Either$Left.ifLeft(Either.java:43) ~[datafixerupper-6.0.8.jar:?]
	at net.minecraft.resource.DirectoryResourcePack.findResources(DirectoryResourcePack.java:100) ~[client-intermediary.jar:?]
	at net.minecraft.resource.NamespaceResourceManager.findResources(NamespaceResourceManager.java:202) ~[client-intermediary.jar:?]
	at net.minecraft.resource.LifecycledResourceManagerImpl.findResources(LifecycledResourceManagerImpl.java:107) ~[client-intermediary.jar:?]
	at net.minecraft.resource.ResourceFinder.findResources(ResourceFinder.java:32) ~[client-intermediary.jar:?]
	at net.minecraft.client.texture.atlas.DirectoryAtlasSource.load(DirectoryAtlasSource.java:30) ~[client-intermediary.jar:?]
	at net.minecraft.client.texture.atlas.AtlasLoader.method_47669(AtlasLoader.java:61) ~[client-intermediary.jar:?]
	at java.util.ArrayList.forEach(ArrayList.java:1511) ~[?:?]
	at net.minecraft.client.texture.atlas.AtlasLoader.loadSources(AtlasLoader.java:61) ~[client-intermediary.jar:?]
	at net.minecraft.client.texture.SpriteLoader.method_47660(SpriteLoader.java:117) ~[client-intermediary.jar:?]
	at net.minecraft.client.texture.SpriteLoader.md2a679a$continuity$lambda$continuity$modifySupplier$3$2(SpriteLoader.java:556) ~[client-intermediary.jar:?]
	at java.util.concurrent.CompletableFuture$AsyncSupply.run(CompletableFuture.java:1768) ~[?:?]
	at java.util.concurrent.CompletableFuture$AsyncSupply.exec(CompletableFuture.java:1760) ~[?:?]
	at java.util.concurrent.ForkJoinTask.doExec(ForkJoinTask.java:373) ~[?:?]
	at java.util.concurrent.ForkJoinPool$WorkQueue.topLevelExec(ForkJoinPool.java:1182) ~[?:?]
	at java.util.concurrent.ForkJoinPool.scan(ForkJoinPool.java:1655) ~[?:?]
	at java.util.concurrent.ForkJoinPool.runWorker(ForkJoinPool.java:1622) ~[?:?]
	at java.util.concurrent.ForkJoinWorkerThread.run(ForkJoinWorkerThread.java:165) ~[?:?]
[03:46:03] [Worker-Main-3/ERROR]: Failed to list path /workspace/PrismLauncher/instances/1.20.4/.minecraft/resourcepacks/BlenderRP 1.19.4/assets/.mcassetsroot/textures/entity/shulker
java.nio.file.FileSystemException: /workspace/PrismLauncher/instances/1.20.4/.minecraft/resourcepacks/BlenderRP 1.19.4/assets/.mcassetsroot/textures/entity/shulker: Not a directory
	at sun.nio.fs.UnixException.translateToIOException(UnixException.java:100) ~[?:?]
	at sun.nio.fs.UnixException.rethrowAsIOException(UnixException.java:106) ~[?:?]
	at sun.nio.fs.UnixException.rethrowAsIOException(UnixException.java:111) ~[?:?]
	at sun.nio.fs.UnixFileAttributeViews$Basic.readAttributes(UnixFileAttributeViews.java:55) ~[?:?]
	at sun.nio.fs.UnixFileSystemProvider.readAttributes(UnixFileSystemProvider.java:148) ~[?:?]
	at sun.nio.fs.LinuxFileSystemProvider.readAttributes(LinuxFileSystemProvider.java:99) ~[?:?]
	at java.nio.file.Files.readAttributes(Files.java:1851) ~[?:?]
	at java.nio.file.FileTreeWalker.getAttributes(FileTreeWalker.java:220) ~[?:?]
	at java.nio.file.FileTreeWalker.visit(FileTreeWalker.java:277) ~[?:?]
	at java.nio.file.FileTreeWalker.walk(FileTreeWalker.java:323) ~[?:?]
	at java.nio.file.FileTreeIterator.<init>(FileTreeIterator.java:71) ~[?:?]
	at java.nio.file.Files.find(Files.java:4036) ~[?:?]
	at net.minecraft.resource.DirectoryResourcePack.findResources(DirectoryResourcePack.java:111) ~[client-intermediary.jar:?]
	at net.minecraft.resource.DirectoryResourcePack.method_45181(DirectoryResourcePack.java:102) ~[client-intermediary.jar:?]
	at com.mojang.datafixers.util.Either$Left.ifLeft(Either.java:43) ~[datafixerupper-6.0.8.jar:?]
	at net.minecraft.resource.DirectoryResourcePack.findResources(DirectoryResourcePack.java:100) ~[client-intermediary.jar:?]
	at net.minecraft.resource.NamespaceResourceManager.findResources(NamespaceResourceManager.java:202) ~[client-intermediary.jar:?]
	at net.minecraft.resource.LifecycledResourceManagerImpl.findResources(LifecycledResourceManagerImpl.java:107) ~[client-intermediary.jar:?]
	at net.minecraft.resource.ResourceFinder.findResources(ResourceFinder.java:32) ~[client-intermediary.jar:?]
	at net.minecraft.client.texture.atlas.DirectoryAtlasSource.load(DirectoryAtlasSource.java:30) ~[client-intermediary.jar:?]
	at net.minecraft.client.texture.atlas.AtlasLoader.method_47669(AtlasLoader.java:61) ~[client-intermediary.jar:?]
	at java.util.ArrayList.forEach(ArrayList.java:1511) ~[?:?]
	at net.minecraft.client.texture.atlas.AtlasLoader.loadSources(AtlasLoader.java:61) ~[client-intermediary.jar:?]
	at net.minecraft.client.texture.SpriteLoader.method_47660(SpriteLoader.java:117) ~[client-intermediary.jar:?]
	at net.minecraft.client.texture.SpriteLoader.md2a679a$continuity$lambda$continuity$modifySupplier$3$2(SpriteLoader.java:556) ~[client-intermediary.jar:?]
	at java.util.concurrent.CompletableFuture$AsyncSupply.run(CompletableFuture.java:1768) ~[?:?]
	at java.util.concurrent.CompletableFuture$AsyncSupply.exec(CompletableFuture.java:1760) ~[?:?]
	at java.util.concurrent.ForkJoinTask.doExec(ForkJoinTask.java:373) ~[?:?]
	at java.util.concurrent.ForkJoinPool$WorkQueue.topLevelExec(ForkJoinPool.java:1182) ~[?:?]
	at java.util.concurrent.ForkJoinPool.scan(ForkJoinPool.java:1655) ~[?:?]
	at java.util.concurrent.ForkJoinPool.runWorker(ForkJoinPool.java:1622) ~[?:?]
	at java.util.concurrent.ForkJoinWorkerThread.run(ForkJoinWorkerThread.java:165) ~[?:?]
[03:46:03] [Worker-Main-3/ERROR]: Failed to list path /workspace/PrismLauncher/instances/1.20.4/.minecraft/resourcepacks/BlenderRP 1.19.4/assets/.mcassetsroot/textures/entity/bed
java.nio.file.FileSystemException: /workspace/PrismLauncher/instances/1.20.4/.minecraft/resourcepacks/BlenderRP 1.19.4/assets/.mcassetsroot/textures/entity/bed: Not a directory
	at sun.nio.fs.UnixException.translateToIOException(UnixException.java:100) ~[?:?]
	at sun.nio.fs.UnixException.rethrowAsIOException(UnixException.java:106) ~[?:?]
	at sun.nio.fs.UnixException.rethrowAsIOException(UnixException.java:111) ~[?:?]
	at sun.nio.fs.UnixFileAttributeViews$Basic.readAttributes(UnixFileAttributeViews.java:55) ~[?:?]
	at sun.nio.fs.UnixFileSystemProvider.readAttributes(UnixFileSystemProvider.java:148) ~[?:?]
	at sun.nio.fs.LinuxFileSystemProvider.readAttributes(LinuxFileSystemProvider.java:99) ~[?:?]
	at java.nio.file.Files.readAttributes(Files.java:1851) ~[?:?]
	at java.nio.file.FileTreeWalker.getAttributes(FileTreeWalker.java:220) ~[?:?]
	at java.nio.file.FileTreeWalker.visit(FileTreeWalker.java:277) ~[?:?]
	at java.nio.file.FileTreeWalker.walk(FileTreeWalker.java:323) ~[?:?]
	at java.nio.file.FileTreeIterator.<init>(FileTreeIterator.java:71) ~[?:?]
	at java.nio.file.Files.find(Files.java:4036) ~[?:?]
	at net.minecraft.resource.DirectoryResourcePack.findResources(DirectoryResourcePack.java:111) ~[client-intermediary.jar:?]
	at net.minecraft.resource.DirectoryResourcePack.method_45181(DirectoryResourcePack.java:102) ~[client-intermediary.jar:?]
	at com.mojang.datafixers.util.Either$Left.ifLeft(Either.java:43) ~[datafixerupper-6.0.8.jar:?]
	at net.minecraft.resource.DirectoryResourcePack.findResources(DirectoryResourcePack.java:100) ~[client-intermediary.jar:?]
	at net.minecraft.resource.NamespaceResourceManager.findResources(NamespaceResourceManager.java:202) ~[client-intermediary.jar:?]
	at net.minecraft.resource.LifecycledResourceManagerImpl.findResources(LifecycledResourceManagerImpl.java:107) ~[client-intermediary.jar:?]
	at net.minecraft.resource.ResourceFinder.findResources(ResourceFinder.java:32) ~[client-intermediary.jar:?]
	at net.minecraft.client.texture.atlas.DirectoryAtlasSource.load(DirectoryAtlasSource.java:30) ~[client-intermediary.jar:?]
	at net.minecraft.client.texture.atlas.AtlasLoader.method_47669(AtlasLoader.java:61) ~[client-intermediary.jar:?]
	at java.util.ArrayList.forEach(ArrayList.java:1511) ~[?:?]
	at net.minecraft.client.texture.atlas.AtlasLoader.loadSources(AtlasLoader.java:61) ~[client-intermediary.jar:?]
	at net.minecraft.client.texture.SpriteLoader.method_47660(SpriteLoader.java:117) ~[client-intermediary.jar:?]
	at net.minecraft.client.texture.SpriteLoader.md2a679a$continuity$lambda$continuity$modifySupplier$3$2(SpriteLoader.java:556) ~[client-intermediary.jar:?]
	at java.util.concurrent.CompletableFuture$AsyncSupply.run(CompletableFuture.java:1768) ~[?:?]
	at java.util.concurrent.CompletableFuture$AsyncSupply.exec(CompletableFuture.java:1760) ~[?:?]
	at java.util.concurrent.ForkJoinTask.doExec(ForkJoinTask.java:373) ~[?:?]
	at java.util.concurrent.ForkJoinPool$WorkQueue.topLevelExec(ForkJoinPool.java:1182) ~[?:?]
	at java.util.concurrent.ForkJoinPool.scan(ForkJoinPool.java:1655) ~[?:?]
	at java.util.concurrent.ForkJoinPool.runWorker(ForkJoinPool.java:1622) ~[?:?]
	at java.util.concurrent.ForkJoinWorkerThread.run(ForkJoinWorkerThread.java:165) ~[?:?]
[03:46:03] [Worker-Main-3/ERROR]: Failed to list path /workspace/PrismLauncher/instances/1.20.4/.minecraft/resourcepacks/BlenderRP 1.19.4/assets/.mcassetsroot/shaders
java.nio.file.FileSystemException: /workspace/PrismLauncher/instances/1.20.4/.minecraft/resourcepacks/BlenderRP 1.19.4/assets/.mcassetsroot/shaders: Not a directory
	at sun.nio.fs.UnixException.translateToIOException(UnixException.java:100) ~[?:?]
	at sun.nio.fs.UnixException.rethrowAsIOException(UnixException.java:106) ~[?:?]
	at sun.nio.fs.UnixException.rethrowAsIOException(UnixException.java:111) ~[?:?]
	at sun.nio.fs.UnixFileAttributeViews$Basic.readAttributes(UnixFileAttributeViews.java:55) ~[?:?]
	at sun.nio.fs.UnixFileSystemProvider.readAttributes(UnixFileSystemProvider.java:148) ~[?:?]
	at sun.nio.fs.LinuxFileSystemProvider.readAttributes(LinuxFileSystemProvider.java:99) ~[?:?]
	at java.nio.file.Files.readAttributes(Files.java:1851) ~[?:?]
	at java.nio.file.FileTreeWalker.getAttributes(FileTreeWalker.java:220) ~[?:?]
	at java.nio.file.FileTreeWalker.visit(FileTreeWalker.java:277) ~[?:?]
	at java.nio.file.FileTreeWalker.walk(FileTreeWalker.java:323) ~[?:?]
	at java.nio.file.FileTreeIterator.<init>(FileTreeIterator.java:71) ~[?:?]
	at java.nio.file.Files.find(Files.java:4036) ~[?:?]
	at net.minecraft.resource.DirectoryResourcePack.findResources(DirectoryResourcePack.java:111) ~[client-intermediary.jar:?]
	at net.minecraft.resource.DirectoryResourcePack.method_45181(DirectoryResourcePack.java:102) ~[client-intermediary.jar:?]
	at com.mojang.datafixers.util.Either$Left.ifLeft(Either.java:43) ~[datafixerupper-6.0.8.jar:?]
	at net.minecraft.resource.DirectoryResourcePack.findResources(DirectoryResourcePack.java:100) ~[client-intermediary.jar:?]
	at net.minecraft.resource.NamespaceResourceManager.findResources(NamespaceResourceManager.java:202) ~[client-intermediary.jar:?]
	at net.minecraft.resource.LifecycledResourceManagerImpl.findResources(LifecycledResourceManagerImpl.java:107) ~[client-intermediary.jar:?]
	at net.minecraft.client.render.GameRenderer$1.prepare(GameRenderer.java:422) ~[client-intermediary.jar:?]
	at net.minecraft.client.render.GameRenderer$1.prepare(GameRenderer.java:418) ~[client-intermediary.jar:?]
	at net.minecraft.resource.SinglePreparationResourceReloader.method_18791(SinglePreparationResourceReloader.java:11) ~[client-intermediary.jar:?]
	at java.util.concurrent.CompletableFuture$AsyncSupply.run(CompletableFuture.java:1768) ~[?:?]
	at java.util.concurrent.CompletableFuture$AsyncSupply.exec(CompletableFuture.java:1760) ~[?:?]
	at java.util.concurrent.ForkJoinTask.doExec(ForkJoinTask.java:373) ~[?:?]
	at java.util.concurrent.ForkJoinPool$WorkQueue.topLevelExec(ForkJoinPool.java:1182) ~[?:?]
	at java.util.concurrent.ForkJoinPool.scan(ForkJoinPool.java:1655) ~[?:?]
	at java.util.concurrent.ForkJoinPool.runWorker(ForkJoinPool.java:1622) ~[?:?]
	at java.util.concurrent.ForkJoinWorkerThread.run(ForkJoinWorkerThread.java:165) ~[?:?]
[03:46:03] [Worker-Main-3/ERROR]: Failed to list path /workspace/PrismLauncher/instances/1.20.4/.minecraft/resourcepacks/BlenderRP 1.19.4/assets/.mcassetsroot/particles
java.nio.file.FileSystemException: /workspace/PrismLauncher/instances/1.20.4/.minecraft/resourcepacks/BlenderRP 1.19.4/assets/.mcassetsroot/particles: Not a directory
	at sun.nio.fs.UnixException.translateToIOException(UnixException.java:100) ~[?:?]
	at sun.nio.fs.UnixException.rethrowAsIOException(UnixException.java:106) ~[?:?]
	at sun.nio.fs.UnixException.rethrowAsIOException(UnixException.java:111) ~[?:?]
	at sun.nio.fs.UnixFileAttributeViews$Basic.readAttributes(UnixFileAttributeViews.java:55) ~[?:?]
	at sun.nio.fs.UnixFileSystemProvider.readAttributes(UnixFileSystemProvider.java:148) ~[?:?]
	at sun.nio.fs.LinuxFileSystemProvider.readAttributes(LinuxFileSystemProvider.java:99) ~[?:?]
	at java.nio.file.Files.readAttributes(Files.java:1851) ~[?:?]
	at java.nio.file.FileTreeWalker.getAttributes(FileTreeWalker.java:220) ~[?:?]
	at java.nio.file.FileTreeWalker.visit(FileTreeWalker.java:277) ~[?:?]
	at java.nio.file.FileTreeWalker.walk(FileTreeWalker.java:323) ~[?:?]
	at java.nio.file.FileTreeIterator.<init>(FileTreeIterator.java:71) ~[?:?]
	at java.nio.file.Files.find(Files.java:4036) ~[?:?]
	at net.minecraft.resource.DirectoryResourcePack.findResources(DirectoryResourcePack.java:111) ~[client-intermediary.jar:?]
	at net.minecraft.resource.DirectoryResourcePack.method_45181(DirectoryResourcePack.java:102) ~[client-intermediary.jar:?]
	at com.mojang.datafixers.util.Either$Left.ifLeft(Either.java:43) ~[datafixerupper-6.0.8.jar:?]
	at net.minecraft.resource.DirectoryResourcePack.findResources(DirectoryResourcePack.java:100) ~[client-intermediary.jar:?]
	at net.minecraft.resource.NamespaceResourceManager.findResources(NamespaceResourceManager.java:202) ~[client-intermediary.jar:?]
	at net.minecraft.resource.LifecycledResourceManagerImpl.findResources(LifecycledResourceManagerImpl.java:107) ~[client-intermediary.jar:?]
	at net.minecraft.resource.ResourceFinder.findResources(ResourceFinder.java:32) ~[client-intermediary.jar:?]
	at net.minecraft.client.particle.ParticleManager.method_45771(ParticleManager.java:259) ~[client-intermediary.jar:?]
	at java.util.concurrent.CompletableFuture$AsyncSupply.run(CompletableFuture.java:1768) ~[?:?]
	at java.util.concurrent.CompletableFuture$AsyncSupply.exec(CompletableFuture.java:1760) ~[?:?]
	at java.util.concurrent.ForkJoinTask.doExec(ForkJoinTask.java:373) ~[?:?]
	at java.util.concurrent.ForkJoinPool$WorkQueue.topLevelExec(ForkJoinPool.java:1182) ~[?:?]
	at java.util.concurrent.ForkJoinPool.scan(ForkJoinPool.java:1655) ~[?:?]
	at java.util.concurrent.ForkJoinPool.runWorker(ForkJoinPool.java:1622) ~[?:?]
	at java.util.concurrent.ForkJoinWorkerThread.run(ForkJoinWorkerThread.java:165) ~[?:?]
[03:46:03] [Worker-Main-3/ERROR]: Failed to list path /workspace/PrismLauncher/instances/1.20.4/.minecraft/resourcepacks/BlenderRP 1.19.4/assets/.mcassetsroot/textures/particle
java.nio.file.FileSystemException: /workspace/PrismLauncher/instances/1.20.4/.minecraft/resourcepacks/BlenderRP 1.19.4/assets/.mcassetsroot/textures/particle: Not a directory
	at sun.nio.fs.UnixException.translateToIOException(UnixException.java:100) ~[?:?]
	at sun.nio.fs.UnixException.rethrowAsIOException(UnixException.java:106) ~[?:?]
	at sun.nio.fs.UnixException.rethrowAsIOException(UnixException.java:111) ~[?:?]
	at sun.nio.fs.UnixFileAttributeViews$Basic.readAttributes(UnixFileAttributeViews.java:55) ~[?:?]
	at sun.nio.fs.UnixFileSystemProvider.readAttributes(UnixFileSystemProvider.java:148) ~[?:?]
	at sun.nio.fs.LinuxFileSystemProvider.readAttributes(LinuxFileSystemProvider.java:99) ~[?:?]
	at java.nio.file.Files.readAttributes(Files.java:1851) ~[?:?]
	at java.nio.file.FileTreeWalker.getAttributes(FileTreeWalker.java:220) ~[?:?]
	at java.nio.file.FileTreeWalker.visit(FileTreeWalker.java:277) ~[?:?]
	at java.nio.file.FileTreeWalker.walk(FileTreeWalker.java:323) ~[?:?]
	at java.nio.file.FileTreeIterator.<init>(FileTreeIterator.java:71) ~[?:?]
	at java.nio.file.Files.find(Files.java:4036) ~[?:?]
	at net.minecraft.resource.DirectoryResourcePack.findResources(DirectoryResourcePack.java:111) ~[client-intermediary.jar:?]
	at net.minecraft.resource.DirectoryResourcePack.method_45181(DirectoryResourcePack.java:102) ~[client-intermediary.jar:?]
	at com.mojang.datafixers.util.Either$Left.ifLeft(Either.java:43) ~[datafixerupper-6.0.8.jar:?]
	at net.minecraft.resource.DirectoryResourcePack.findResources(DirectoryResourcePack.java:100) ~[client-intermediary.jar:?]
	at net.minecraft.resource.NamespaceResourceManager.findResources(NamespaceResourceManager.java:202) ~[client-intermediary.jar:?]
	at net.minecraft.resource.LifecycledResourceManagerImpl.findResources(LifecycledResourceManagerImpl.java:107) ~[client-intermediary.jar:?]
	at net.minecraft.resource.ResourceFinder.findResources(ResourceFinder.java:32) ~[client-intermediary.jar:?]
	at net.minecraft.client.texture.atlas.DirectoryAtlasSource.load(DirectoryAtlasSource.java:30) ~[client-intermediary.jar:?]
	at net.minecraft.client.texture.atlas.AtlasLoader.method_47669(AtlasLoader.java:61) ~[client-intermediary.jar:?]
	at java.util.ArrayList.forEach(ArrayList.java:1511) ~[?:?]
	at net.minecraft.client.texture.atlas.AtlasLoader.loadSources(AtlasLoader.java:61) ~[client-intermediary.jar:?]
	at net.minecraft.client.texture.SpriteLoader.method_47660(SpriteLoader.java:117) ~[client-intermediary.jar:?]
	at java.util.concurrent.CompletableFuture$AsyncSupply.run(CompletableFuture.java:1768) ~[?:?]
	at java.util.concurrent.CompletableFuture$AsyncSupply.exec(CompletableFuture.java:1760) ~[?:?]
	at java.util.concurrent.ForkJoinTask.doExec(ForkJoinTask.java:373) ~[?:?]
	at java.util.concurrent.ForkJoinPool$WorkQueue.topLevelExec(ForkJoinPool.java:1182) ~[?:?]
	at java.util.concurrent.ForkJoinPool.scan(ForkJoinPool.java:1655) ~[?:?]
	at java.util.concurrent.ForkJoinPool.runWorker(ForkJoinPool.java:1622) ~[?:?]
	at java.util.concurrent.ForkJoinWorkerThread.run(ForkJoinWorkerThread.java:165) ~[?:?]
[03:46:03] [Worker-Main-3/ERROR]: Failed to list path /workspace/PrismLauncher/instances/1.20.4/.minecraft/resourcepacks/BlenderRP 1.19.4/assets/.mcassetsroot/textures/painting
java.nio.file.FileSystemException: /workspace/PrismLauncher/instances/1.20.4/.minecraft/resourcepacks/BlenderRP 1.19.4/assets/.mcassetsroot/textures/painting: Not a directory
	at sun.nio.fs.UnixException.translateToIOException(UnixException.java:100) ~[?:?]
	at sun.nio.fs.UnixException.rethrowAsIOException(UnixException.java:106) ~[?:?]
	at sun.nio.fs.UnixException.rethrowAsIOException(UnixException.java:111) ~[?:?]
	at sun.nio.fs.UnixFileAttributeViews$Basic.readAttributes(UnixFileAttributeViews.java:55) ~[?:?]
	at sun.nio.fs.UnixFileSystemProvider.readAttributes(UnixFileSystemProvider.java:148) ~[?:?]
	at sun.nio.fs.LinuxFileSystemProvider.readAttributes(LinuxFileSystemProvider.java:99) ~[?:?]
	at java.nio.file.Files.readAttributes(Files.java:1851) ~[?:?]
	at java.nio.file.FileTreeWalker.getAttributes(FileTreeWalker.java:220) ~[?:?]
	at java.nio.file.FileTreeWalker.visit(FileTreeWalker.java:277) ~[?:?]
	at java.nio.file.FileTreeWalker.walk(FileTreeWalker.java:323) ~[?:?]
	at java.nio.file.FileTreeIterator.<init>(FileTreeIterator.java:71) ~[?:?]
	at java.nio.file.Files.find(Files.java:4036) ~[?:?]
	at net.minecraft.resource.DirectoryResourcePack.findResources(DirectoryResourcePack.java:111) ~[client-intermediary.jar:?]
	at net.minecraft.resource.DirectoryResourcePack.method_45181(DirectoryResourcePack.java:102) ~[client-intermediary.jar:?]
	at com.mojang.datafixers.util.Either$Left.ifLeft(Either.java:43) ~[datafixerupper-6.0.8.jar:?]
	at net.minecraft.resource.DirectoryResourcePack.findResources(DirectoryResourcePack.java:100) ~[client-intermediary.jar:?]
	at net.minecraft.resource.NamespaceResourceManager.findResources(NamespaceResourceManager.java:202) ~[client-intermediary.jar:?]
	at net.minecraft.resource.LifecycledResourceManagerImpl.findResources(LifecycledResourceManagerImpl.java:107) ~[client-intermediary.jar:?]
	at net.minecraft.resource.ResourceFinder.findResources(ResourceFinder.java:32) ~[client-intermediary.jar:?]
	at net.minecraft.client.texture.atlas.DirectoryAtlasSource.load(DirectoryAtlasSource.java:30) ~[client-intermediary.jar:?]
	at net.minecraft.client.texture.atlas.AtlasLoader.method_47669(AtlasLoader.java:61) ~[client-intermediary.jar:?]
	at java.util.ArrayList.forEach(ArrayList.java:1511) ~[?:?]
	at net.minecraft.client.texture.atlas.AtlasLoader.loadSources(AtlasLoader.java:61) ~[client-intermediary.jar:?]
	at net.minecraft.client.texture.SpriteLoader.method_47660(SpriteLoader.java:117) ~[client-intermediary.jar:?]
	at java.util.concurrent.CompletableFuture$AsyncSupply.run(CompletableFuture.java:1768) ~[?:?]
	at java.util.concurrent.CompletableFuture$AsyncSupply.exec(CompletableFuture.java:1760) ~[?:?]
	at java.util.concurrent.ForkJoinTask.doExec(ForkJoinTask.java:373) ~[?:?]
	at java.util.concurrent.ForkJoinPool$WorkQueue.topLevelExec(ForkJoinPool.java:1182) ~[?:?]
	at java.util.concurrent.ForkJoinPool.scan(ForkJoinPool.java:1655) ~[?:?]
	at java.util.concurrent.ForkJoinPool.runWorker(ForkJoinPool.java:1622) ~[?:?]
	at java.util.concurrent.ForkJoinWorkerThread.run(ForkJoinWorkerThread.java:165) ~[?:?]
[03:46:03] [Worker-Main-2/ERROR]: Failed to list path /workspace/PrismLauncher/instances/1.20.4/.minecraft/resourcepacks/BlenderRP 1.19.4/assets/.mcassetsroot/textures/mob_effect
java.nio.file.FileSystemException: /workspace/PrismLauncher/instances/1.20.4/.minecraft/resourcepacks/BlenderRP 1.19.4/assets/.mcassetsroot/textures/mob_effect: Not a directory
	at sun.nio.fs.UnixException.translateToIOException(UnixException.java:100) ~[?:?]
	at sun.nio.fs.UnixException.rethrowAsIOException(UnixException.java:106) ~[?:?]
	at sun.nio.fs.UnixException.rethrowAsIOException(UnixException.java:111) ~[?:?]
	at sun.nio.fs.UnixFileAttributeViews$Basic.readAttributes(UnixFileAttributeViews.java:55) ~[?:?]
	at sun.nio.fs.UnixFileSystemProvider.readAttributes(UnixFileSystemProvider.java:148) ~[?:?]
	at sun.nio.fs.LinuxFileSystemProvider.readAttributes(LinuxFileSystemProvider.java:99) ~[?:?]
	at java.nio.file.Files.readAttributes(Files.java:1851) ~[?:?]
	at java.nio.file.FileTreeWalker.getAttributes(FileTreeWalker.java:220) ~[?:?]
	at java.nio.file.FileTreeWalker.visit(FileTreeWalker.java:277) ~[?:?]
	at java.nio.file.FileTreeWalker.walk(FileTreeWalker.java:323) ~[?:?]
	at java.nio.file.FileTreeIterator.<init>(FileTreeIterator.java:71) ~[?:?]
	at java.nio.file.Files.find(Files.java:4036) ~[?:?]
	at net.minecraft.resource.DirectoryResourcePack.findResources(DirectoryResourcePack.java:111) ~[client-intermediary.jar:?]
	at net.minecraft.resource.DirectoryResourcePack.method_45181(DirectoryResourcePack.java:102) ~[client-intermediary.jar:?]
	at com.mojang.datafixers.util.Either$Left.ifLeft(Either.java:43) ~[datafixerupper-6.0.8.jar:?]
	at net.minecraft.resource.DirectoryResourcePack.findResources(DirectoryResourcePack.java:100) ~[client-intermediary.jar:?]
	at net.minecraft.resource.NamespaceResourceManager.findResources(NamespaceResourceManager.java:202) ~[client-intermediary.jar:?]
	at net.minecraft.resource.LifecycledResourceManagerImpl.findResources(LifecycledResourceManagerImpl.java:107) ~[client-intermediary.jar:?]
	at net.minecraft.resource.ResourceFinder.findResources(ResourceFinder.java:32) ~[client-intermediary.jar:?]
	at net.minecraft.client.texture.atlas.DirectoryAtlasSource.load(DirectoryAtlasSource.java:30) ~[client-intermediary.jar:?]
	at net.minecraft.client.texture.atlas.AtlasLoader.method_47669(AtlasLoader.java:61) ~[client-intermediary.jar:?]
	at java.util.ArrayList.forEach(ArrayList.java:1511) ~[?:?]
	at net.minecraft.client.texture.atlas.AtlasLoader.loadSources(AtlasLoader.java:61) ~[client-intermediary.jar:?]
	at net.minecraft.client.texture.SpriteLoader.method_47660(SpriteLoader.java:117) ~[client-intermediary.jar:?]
	at java.util.concurrent.CompletableFuture$AsyncSupply.run(CompletableFuture.java:1768) ~[?:?]
	at java.util.concurrent.CompletableFuture$AsyncSupply.exec(CompletableFuture.java:1760) ~[?:?]
	at java.util.concurrent.ForkJoinTask.doExec(ForkJoinTask.java:373) ~[?:?]
	at java.util.concurrent.ForkJoinPool$WorkQueue.topLevelExec(ForkJoinPool.java:1182) ~[?:?]
	at java.util.concurrent.ForkJoinPool.scan(ForkJoinPool.java:1655) ~[?:?]
	at java.util.concurrent.ForkJoinPool.runWorker(ForkJoinPool.java:1622) ~[?:?]
	at java.util.concurrent.ForkJoinWorkerThread.run(ForkJoinWorkerThread.java:165) ~[?:?]
[03:46:03] [Worker-Main-3/ERROR]: Failed to list path /workspace/PrismLauncher/instances/1.20.4/.minecraft/resourcepacks/BlenderRP 1.19.4/assets/.mcassetsroot/textures/gui/sprites
java.nio.file.FileSystemException: /workspace/PrismLauncher/instances/1.20.4/.minecraft/resourcepacks/BlenderRP 1.19.4/assets/.mcassetsroot/textures/gui/sprites: Not a directory
	at sun.nio.fs.UnixException.translateToIOException(UnixException.java:100) ~[?:?]
	at sun.nio.fs.UnixException.rethrowAsIOException(UnixException.java:106) ~[?:?]
	at sun.nio.fs.UnixException.rethrowAsIOException(UnixException.java:111) ~[?:?]
	at sun.nio.fs.UnixFileAttributeViews$Basic.readAttributes(UnixFileAttributeViews.java:55) ~[?:?]
	at sun.nio.fs.UnixFileSystemProvider.readAttributes(UnixFileSystemProvider.java:148) ~[?:?]
	at sun.nio.fs.LinuxFileSystemProvider.readAttributes(LinuxFileSystemProvider.java:99) ~[?:?]
	at java.nio.file.Files.readAttributes(Files.java:1851) ~[?:?]
	at java.nio.file.FileTreeWalker.getAttributes(FileTreeWalker.java:220) ~[?:?]
	at java.nio.file.FileTreeWalker.visit(FileTreeWalker.java:277) ~[?:?]
	at java.nio.file.FileTreeWalker.walk(FileTreeWalker.java:323) ~[?:?]
	at java.nio.file.FileTreeIterator.<init>(FileTreeIterator.java:71) ~[?:?]
	at java.nio.file.Files.find(Files.java:4036) ~[?:?]
	at net.minecraft.resource.DirectoryResourcePack.findResources(DirectoryResourcePack.java:111) ~[client-intermediary.jar:?]
	at net.minecraft.resource.DirectoryResourcePack.method_45181(DirectoryResourcePack.java:102) ~[client-intermediary.jar:?]
	at com.mojang.datafixers.util.Either$Left.ifLeft(Either.java:43) ~[datafixerupper-6.0.8.jar:?]
	at net.minecraft.resource.DirectoryResourcePack.findResources(DirectoryResourcePack.java:100) ~[client-intermediary.jar:?]
	at net.minecraft.resource.NamespaceResourceManager.findResources(NamespaceResourceManager.java:202) ~[client-intermediary.jar:?]
	at net.minecraft.resource.LifecycledResourceManagerImpl.findResources(LifecycledResourceManagerImpl.java:107) ~[client-intermediary.jar:?]
	at net.minecraft.resource.ResourceFinder.findResources(ResourceFinder.java:32) ~[client-intermediary.jar:?]
	at net.minecraft.client.texture.atlas.DirectoryAtlasSource.load(DirectoryAtlasSource.java:30) ~[client-intermediary.jar:?]
	at net.minecraft.client.texture.atlas.AtlasLoader.method_47669(AtlasLoader.java:61) ~[client-intermediary.jar:?]
	at java.util.ArrayList.forEach(ArrayList.java:1511) ~[?:?]
	at net.minecraft.client.texture.atlas.AtlasLoader.loadSources(AtlasLoader.java:61) ~[client-intermediary.jar:?]
	at net.minecraft.client.texture.SpriteLoader.method_47660(SpriteLoader.java:117) ~[client-intermediary.jar:?]
	at java.util.concurrent.CompletableFuture$AsyncSupply.run(CompletableFuture.java:1768) ~[?:?]
	at java.util.concurrent.CompletableFuture$AsyncSupply.exec(CompletableFuture.java:1760) ~[?:?]
	at java.util.concurrent.ForkJoinTask.doExec(ForkJoinTask.java:373) ~[?:?]
	at java.util.concurrent.ForkJoinPool$WorkQueue.topLevelExec(ForkJoinPool.java:1182) ~[?:?]
	at java.util.concurrent.ForkJoinPool.scan(ForkJoinPool.java:1655) ~[?:?]
	at java.util.concurrent.ForkJoinPool.runWorker(ForkJoinPool.java:1622) ~[?:?]
	at java.util.concurrent.ForkJoinWorkerThread.run(ForkJoinWorkerThread.java:165) ~[?:?]
[03:46:03] [Worker-Main-2/ERROR]: Failed to list path /workspace/PrismLauncher/instances/1.20.4/.minecraft/resourcepacks/BlenderRP 1.19.4/assets/.mcassetsroot/textures/jei/atlas/gui
java.nio.file.FileSystemException: /workspace/PrismLauncher/instances/1.20.4/.minecraft/resourcepacks/BlenderRP 1.19.4/assets/.mcassetsroot/textures/jei/atlas/gui: Not a directory
	at sun.nio.fs.UnixException.translateToIOException(UnixException.java:100) ~[?:?]
	at sun.nio.fs.UnixException.rethrowAsIOException(UnixException.java:106) ~[?:?]
	at sun.nio.fs.UnixException.rethrowAsIOException(UnixException.java:111) ~[?:?]
	at sun.nio.fs.UnixFileAttributeViews$Basic.readAttributes(UnixFileAttributeViews.java:55) ~[?:?]
	at sun.nio.fs.UnixFileSystemProvider.readAttributes(UnixFileSystemProvider.java:148) ~[?:?]
	at sun.nio.fs.LinuxFileSystemProvider.readAttributes(LinuxFileSystemProvider.java:99) ~[?:?]
	at java.nio.file.Files.readAttributes(Files.java:1851) ~[?:?]
	at java.nio.file.FileTreeWalker.getAttributes(FileTreeWalker.java:220) ~[?:?]
	at java.nio.file.FileTreeWalker.visit(FileTreeWalker.java:277) ~[?:?]
	at java.nio.file.FileTreeWalker.walk(FileTreeWalker.java:323) ~[?:?]
	at java.nio.file.FileTreeIterator.<init>(FileTreeIterator.java:71) ~[?:?]
	at java.nio.file.Files.find(Files.java:4036) ~[?:?]
	at net.minecraft.resource.DirectoryResourcePack.findResources(DirectoryResourcePack.java:111) ~[client-intermediary.jar:?]
	at net.minecraft.resource.DirectoryResourcePack.method_45181(DirectoryResourcePack.java:102) ~[client-intermediary.jar:?]
	at com.mojang.datafixers.util.Either$Left.ifLeft(Either.java:43) ~[datafixerupper-6.0.8.jar:?]
	at net.minecraft.resource.DirectoryResourcePack.findResources(DirectoryResourcePack.java:100) ~[client-intermediary.jar:?]
	at net.minecraft.resource.NamespaceResourceManager.findResources(NamespaceResourceManager.java:202) ~[client-intermediary.jar:?]
	at net.minecraft.resource.LifecycledResourceManagerImpl.findResources(LifecycledResourceManagerImpl.java:107) ~[client-intermediary.jar:?]
	at net.minecraft.resource.ResourceFinder.findResources(ResourceFinder.java:32) ~[client-intermediary.jar:?]
	at net.minecraft.client.texture.atlas.DirectoryAtlasSource.load(DirectoryAtlasSource.java:30) ~[client-intermediary.jar:?]
	at net.minecraft.client.texture.atlas.AtlasLoader.method_47669(AtlasLoader.java:61) ~[client-intermediary.jar:?]
	at java.util.ArrayList.forEach(ArrayList.java:1511) ~[?:?]
	at net.minecraft.client.texture.atlas.AtlasLoader.loadSources(AtlasLoader.java:61) ~[client-intermediary.jar:?]
	at net.minecraft.client.texture.SpriteLoader.method_47660(SpriteLoader.java:117) ~[client-intermediary.jar:?]
	at java.util.concurrent.CompletableFuture$AsyncSupply.run(CompletableFuture.java:1768) ~[?:?]
	at java.util.concurrent.CompletableFuture$AsyncSupply.exec(CompletableFuture.java:1760) ~[?:?]
	at java.util.concurrent.ForkJoinTask.doExec(ForkJoinTask.java:373) ~[?:?]
	at java.util.concurrent.ForkJoinPool$WorkQueue.topLevelExec(ForkJoinPool.java:1182) ~[?:?]
	at java.util.concurrent.ForkJoinPool.scan(ForkJoinPool.java:1655) ~[?:?]
	at java.util.concurrent.ForkJoinPool.runWorker(ForkJoinPool.java:1622) ~[?:?]
	at java.util.concurrent.ForkJoinWorkerThread.run(ForkJoinWorkerThread.java:165) ~[?:?]
[03:46:03] [Worker-Main-2/ERROR]: Failed to list path /workspace/PrismLauncher/instances/1.20.4/.minecraft/resourcepacks/BlenderRP 1.19.4/assets/.mcassetsroot/textures/map_marker
java.nio.file.FileSystemException: /workspace/PrismLauncher/instances/1.20.4/.minecraft/resourcepacks/BlenderRP 1.19.4/assets/.mcassetsroot/textures/map_marker: Not a directory
	at sun.nio.fs.UnixException.translateToIOException(UnixException.java:100) ~[?:?]
	at sun.nio.fs.UnixException.rethrowAsIOException(UnixException.java:106) ~[?:?]
	at sun.nio.fs.UnixException.rethrowAsIOException(UnixException.java:111) ~[?:?]
	at sun.nio.fs.UnixFileAttributeViews$Basic.readAttributes(UnixFileAttributeViews.java:55) ~[?:?]
	at sun.nio.fs.UnixFileSystemProvider.readAttributes(UnixFileSystemProvider.java:148) ~[?:?]
	at sun.nio.fs.LinuxFileSystemProvider.readAttributes(LinuxFileSystemProvider.java:99) ~[?:?]
	at java.nio.file.Files.readAttributes(Files.java:1851) ~[?:?]
	at java.nio.file.FileTreeWalker.getAttributes(FileTreeWalker.java:220) ~[?:?]
	at java.nio.file.FileTreeWalker.visit(FileTreeWalker.java:277) ~[?:?]
	at java.nio.file.FileTreeWalker.walk(FileTreeWalker.java:323) ~[?:?]
	at java.nio.file.FileTreeIterator.<init>(FileTreeIterator.java:71) ~[?:?]
	at java.nio.file.Files.find(Files.java:4036) ~[?:?]
	at net.minecraft.resource.DirectoryResourcePack.findResources(DirectoryResourcePack.java:111) ~[client-intermediary.jar:?]
	at net.minecraft.resource.DirectoryResourcePack.method_45181(DirectoryResourcePack.java:102) ~[client-intermediary.jar:?]
	at com.mojang.datafixers.util.Either$Left.ifLeft(Either.java:43) ~[datafixerupper-6.0.8.jar:?]
	at net.minecraft.resource.DirectoryResourcePack.findResources(DirectoryResourcePack.java:100) ~[client-intermediary.jar:?]
	at net.minecraft.resource.NamespaceResourceManager.findResources(NamespaceResourceManager.java:202) ~[client-intermediary.jar:?]
	at net.minecraft.resource.LifecycledResourceManagerImpl.findResources(LifecycledResourceManagerImpl.java:107) ~[client-intermediary.jar:?]
	at net.minecraft.resource.ResourceFinder.findResources(ResourceFinder.java:32) ~[client-intermediary.jar:?]
	at net.minecraft.client.texture.atlas.DirectoryAtlasSource.load(DirectoryAtlasSource.java:30) ~[client-intermediary.jar:?]
	at net.minecraft.client.texture.atlas.AtlasLoader.method_47669(AtlasLoader.java:61) ~[client-intermediary.jar:?]
	at java.util.ArrayList.forEach(ArrayList.java:1511) ~[?:?]
	at net.minecraft.client.texture.atlas.AtlasLoader.loadSources(AtlasLoader.java:61) ~[client-intermediary.jar:?]
	at net.minecraft.client.texture.SpriteLoader.method_47660(SpriteLoader.java:117) ~[client-intermediary.jar:?]
	at java.util.concurrent.CompletableFuture$AsyncSupply.run(CompletableFuture.java:1768) ~[?:?]
	at java.util.concurrent.CompletableFuture$AsyncSupply.exec(CompletableFuture.java:1760) ~[?:?]
	at java.util.concurrent.ForkJoinTask.doExec(ForkJoinTask.java:373) ~[?:?]
	at java.util.concurrent.ForkJoinPool$WorkQueue.topLevelExec(ForkJoinPool.java:1182) ~[?:?]
	at java.util.concurrent.ForkJoinPool.scan(ForkJoinPool.java:1655) ~[?:?]
	at java.util.concurrent.ForkJoinPool.runWorker(ForkJoinPool.java:1622) ~[?:?]
	at java.util.concurrent.ForkJoinWorkerThread.run(ForkJoinWorkerThread.java:165) ~[?:?]
[03:46:03] [Worker-Main-2/ERROR]: Failed to list path /workspace/PrismLauncher/instances/1.20.4/.minecraft/resourcepacks/BlenderRP 1.19.4/assets/.mcassetsroot/shaders
java.nio.file.FileSystemException: /workspace/PrismLauncher/instances/1.20.4/.minecraft/resourcepacks/BlenderRP 1.19.4/assets/.mcassetsroot/shaders: Not a directory
	at sun.nio.fs.UnixException.translateToIOException(UnixException.java:100) ~[?:?]
	at sun.nio.fs.UnixException.rethrowAsIOException(UnixException.java:106) ~[?:?]
	at sun.nio.fs.UnixException.rethrowAsIOException(UnixException.java:111) ~[?:?]
	at sun.nio.fs.UnixFileAttributeViews$Basic.readAttributes(UnixFileAttributeViews.java:55) ~[?:?]
	at sun.nio.fs.UnixFileSystemProvider.readAttributes(UnixFileSystemProvider.java:148) ~[?:?]
	at sun.nio.fs.LinuxFileSystemProvider.readAttributes(LinuxFileSystemProvider.java:99) ~[?:?]
	at java.nio.file.Files.readAttributes(Files.java:1851) ~[?:?]
	at java.nio.file.FileTreeWalker.getAttributes(FileTreeWalker.java:220) ~[?:?]
	at java.nio.file.FileTreeWalker.visit(FileTreeWalker.java:277) ~[?:?]
	at java.nio.file.FileTreeWalker.walk(FileTreeWalker.java:323) ~[?:?]
	at java.nio.file.FileTreeIterator.<init>(FileTreeIterator.java:71) ~[?:?]
	at java.nio.file.Files.find(Files.java:4036) ~[?:?]
	at net.minecraft.resource.DirectoryResourcePack.findResources(DirectoryResourcePack.java:111) ~[client-intermediary.jar:?]
	at net.minecraft.resource.DirectoryResourcePack.method_45181(DirectoryResourcePack.java:102) ~[client-intermediary.jar:?]
	at com.mojang.datafixers.util.Either$Left.ifLeft(Either.java:43) ~[datafixerupper-6.0.8.jar:?]
	at net.minecraft.resource.DirectoryResourcePack.findResources(DirectoryResourcePack.java:100) ~[client-intermediary.jar:?]
	at net.minecraft.resource.NamespaceResourceManager.findAndAdd(NamespaceResourceManager.java:290) ~[client-intermediary.jar:?]
	at net.minecraft.resource.NamespaceResourceManager.findAllResources(NamespaceResourceManager.java:312) ~[client-intermediary.jar:?]
	at net.minecraft.resource.LifecycledResourceManagerImpl.findAllResources(LifecycledResourceManagerImpl.java:121) ~[client-intermediary.jar:?]
	at de.linusdev.SodiumCoreShaderSupport$1.lambda$load$5(SodiumCoreShaderSupport.java:50) ~[sodiumcoreshadersupport-1.0.0.jar:?]
	at java.util.concurrent.CompletableFuture$AsyncSupply.run(CompletableFuture.java:1768) ~[?:?]
	at java.util.concurrent.CompletableFuture$AsyncSupply.exec(CompletableFuture.java:1760) ~[?:?]
	at java.util.concurrent.ForkJoinTask.doExec(ForkJoinTask.java:373) ~[?:?]
	at java.util.concurrent.ForkJoinPool$WorkQueue.topLevelExec(ForkJoinPool.java:1182) ~[?:?]
	at java.util.concurrent.ForkJoinPool.scan(ForkJoinPool.java:1655) ~[?:?]
	at java.util.concurrent.ForkJoinPool.runWorker(ForkJoinPool.java:1622) ~[?:?]
	at java.util.concurrent.ForkJoinWorkerThread.run(ForkJoinWorkerThread.java:165) ~[?:?]
[03:46:03] [Worker-Main-2/INFO]: [STDOUT]: nameSpace: minecraft
[03:46:03] [Worker-Main-2/INFO]: [STDOUT]:     core/rendertype_cutout_mipped.json: vanilla
[03:46:03] [Worker-Main-2/INFO]: [STDOUT]:     core/rendertype_entity_glint_direct.vsh: vanilla
[03:46:03] [Worker-Main-2/INFO]: [STDOUT]:     core/rendertype_glint_translucent.json: vanilla
[03:46:03] [Worker-Main-2/INFO]: [STDOUT]:     program/blit.vsh: vanilla
[03:46:03] [Worker-Main-2/INFO]: [STDOUT]:     program/blur.fsh: vanilla
[03:46:03] [Worker-Main-2/INFO]: [STDOUT]:     core/rendertype_energy_swirl.vsh: vanilla
[03:46:03] [Worker-Main-2/INFO]: [STDOUT]:     core/rendertype_entity_decal.json: vanilla
[03:46:03] [Worker-Main-2/INFO]: [STDOUT]:     core/clouds.vsh: sodium
[03:46:03] [Worker-Main-2/INFO]: [STDOUT]:     core/position_tex_color_normal.json: vanilla
[03:46:03] [Worker-Main-2/INFO]: [STDOUT]:     core/clouds.json: sodium
[03:46:03] [Worker-Main-2/INFO]: [STDOUT]:     core/rendertype_eyes.json: vanilla
[03:46:03] [Worker-Main-2/INFO]: [STDOUT]:     post/blur.json: vanilla
[03:46:03] [Worker-Main-2/INFO]: [STDOUT]:     core/xaerominimap/pos_tex_icon_outline.json: xaerominimap
[03:46:03] [Worker-Main-2/INFO]: [STDOUT]:     core/blit_screen.vsh: vanilla
[03:46:03] [Worker-Main-2/INFO]: [STDOUT]:     core/rendertype_entity_glint_direct.fsh: vanilla
[03:46:03] [Worker-Main-2/INFO]: [STDOUT]:     core/rendertype_armor_glint.vsh: vanilla
[03:46:03] [Worker-Main-2/INFO]: [STDOUT]:     core/rendertype_entity_cutout.vsh: vanilla
[03:46:03] [Worker-Main-2/INFO]: [STDOUT]:     program/blit.fsh: vanilla
[03:46:03] [Worker-Main-2/INFO]: [STDOUT]:     program/invert.json: vanilla
[03:46:03] [Worker-Main-2/INFO]: [STDOUT]:     core/xaeroworldmap/position_color.vsh: xaeroworldmap
[03:46:03] [Worker-Main-2/INFO]: [STDOUT]:     program/spiderclip.fsh: vanilla
[03:46:03] [Worker-Main-2/INFO]: [STDOUT]:     core/blit_screen.fsh: vanilla
[03:46:03] [Worker-Main-2/INFO]: [STDOUT]:     post/fxaa.json: vanilla
[03:46:03] [Worker-Main-2/INFO]: [STDOUT]:     core/position_color.vsh: vanilla
[03:46:03] [Worker-Main-2/INFO]: [STDOUT]:     program/transparency.fsh: vanilla
[03:46:03] [Worker-Main-2/INFO]: [STDOUT]:     core/position_tex_color_normal.vsh: vanilla
[03:46:03] [Worker-Main-2/INFO]: [STDOUT]:     program/blobs.fsh: vanilla
[03:46:03] [Worker-Main-2/INFO]: [STDOUT]:     program/bumpy.fsh: vanilla
[03:46:03] [Worker-Main-2/INFO]: [STDOUT]:     core/rendertype_text_intensity.json: vanilla
[03:46:03] [Worker-Main-2/INFO]: [STDOUT]:     program/outline_soft.json: vanilla
[03:46:03] [Worker-Main-2/INFO]: [STDOUT]:     program/rotscale.vsh: vanilla
[03:46:03] [Worker-Main-2/INFO]: [STDOUT]:     core/position_color.fsh: file/BlenderRP 1.19.4
[03:46:03] [Worker-Main-2/INFO]: [STDOUT]:     core/position_tex_color.json: vanilla
[03:46:03] [Worker-Main-2/INFO]: [STDOUT]:     core/clouds.fsh: sodium
[03:46:03] [Worker-Main-2/INFO]: [STDOUT]:     core/position_tex_color_normal.fsh: vanilla
[03:46:03] [Worker-Main-2/INFO]: [STDOUT]:     core/rendertype_entity_alpha.json: vanilla
[03:46:03] [Worker-Main-2/INFO]: [STDOUT]:     program/flip.vsh: vanilla
[03:46:03] [Worker-Main-2/INFO]: [STDOUT]:     program/bumpy.vsh: vanilla
[03:46:03] [Worker-Main-2/INFO]: [STDOUT]:     core/rendertype_text_background_see_through.fsh: vanilla
[03:46:03] [Worker-Main-2/INFO]: [STDOUT]:     core/position_tex_lightmap_color.json: vanilla
[03:46:03] [Worker-Main-2/INFO]: [STDOUT]:     core/rendertype_lightning.vsh: vanilla
[03:46:03] [Worker-Main-2/INFO]: [STDOUT]:     core/position_multi_tex.fsh: exordium
[03:46:03] [Worker-Main-2/INFO]: [STDOUT]:     core/rendertype_solid.json: vanilla
[03:46:03] [Worker-Main-2/INFO]: [STDOUT]:     core/position_multi_tex.vsh: exordium
[03:46:03] [Worker-Main-2/INFO]: [STDOUT]:     core/rendertype_entity_shadow.fsh: vanilla
[03:46:03] [Worker-Main-2/INFO]: [STDOUT]:     program/downscale.vsh: vanilla
[03:46:03] [Worker-Main-2/INFO]: [STDOUT]:     core/rendertype_cutout.json: vanilla
[03:46:03] [Worker-Main-2/INFO]: [STDOUT]:     core/rendertype_entity_glint.fsh: vanilla
[03:46:03] [Worker-Main-2/INFO]: [STDOUT]:     core/rendertype_entity_translucent_emissive.json: vanilla
[03:46:03] [Worker-Main-2/INFO]: [STDOUT]:     program/flip.json: vanilla
[03:46:03] [Worker-Main-2/INFO]: [STDOUT]:     core/rendertype_entity_translucent_cull.fsh: vanilla
[03:46:03] [Worker-Main-2/INFO]: [STDOUT]:     program/downscale.json: vanilla
[03:46:03] [Worker-Main-2/INFO]: [STDOUT]:     core/rendertype_text_background_see_through.vsh: vanilla
[03:46:03] [Worker-Main-2/INFO]: [STDOUT]:     core/rendertype_crumbling.fsh: vanilla
[03:46:03] [Worker-Main-2/INFO]: [STDOUT]:     program/outline.json: vanilla
[03:46:03] [Worker-Main-2/INFO]: [STDOUT]:     program/scan_pincushion.fsh: vanilla
[03:46:03] [Worker-Main-2/INFO]: [STDOUT]:     core/rendertype_entity_shadow.vsh: vanilla
[03:46:03] [Worker-Main-2/INFO]: [STDOUT]:     program/downscale.fsh: vanilla
[03:46:03] [Worker-Main-2/INFO]: [STDOUT]:     core/rendertype_glint.fsh: vanilla
[03:46:03] [Worker-Main-2/INFO]: [STDOUT]:     core/rendertype_entity_translucent_cull.vsh: vanilla
[03:46:03] [Worker-Main-2/INFO]: [STDOUT]:     post/deconverge.json: vanilla
[03:46:03] [Worker-Main-2/INFO]: [STDOUT]:     program/overlay.json: vanilla
[03:46:03] [Worker-Main-2/INFO]: [STDOUT]:     core/position_color_lightmap.json: vanilla
[03:46:03] [Worker-Main-2/INFO]: [STDOUT]:     post/green.json: vanilla
[03:46:03] [Worker-Main-2/INFO]: [STDOUT]:     core/rendertype_armor_glint.fsh: vanilla
[03:46:03] [Worker-Main-2/INFO]: [STDOUT]:     program/bumpy.json: vanilla
[03:46:03] [Worker-Main-2/INFO]: [STDOUT]:     core/rendertype_entity_cutout.fsh: vanilla
[03:46:03] [Worker-Main-2/INFO]: [STDOUT]:     core/rendertype_text_intensity_see_through.fsh: vanilla
[03:46:03] [Worker-Main-2/INFO]: [STDOUT]:     core/rendertype_glint_direct.json: vanilla
[03:46:03] [Worker-Main-2/INFO]: [STDOUT]:     core/rendertype_eyes.fsh: vanilla
[03:46:03] [Worker-Main-2/INFO]: [STDOUT]:     core/xaeroworldmap/position_color.fsh: xaeroworldmap
[03:46:03] [Worker-Main-2/INFO]: [STDOUT]:     program/fxaa.json: vanilla
[03:46:03] [Worker-Main-2/INFO]: [STDOUT]:     core/rendertype_text_intensity.fsh: vanilla
[03:46:03] [Worker-Main-2/INFO]: [STDOUT]:     core/rendertype_lightning.fsh: vanilla
[03:46:03] [Worker-Main-2/INFO]: [STDOUT]:     post/bumpy.json: vanilla
[03:46:03] [Worker-Main-2/INFO]: [STDOUT]:     core/xaerominimap/pos_tex_no_alpha_test.json: xaerominimap
[03:46:03] [Worker-Main-2/INFO]: [STDOUT]:     core/rendertype_entity_solid.json: vanilla
[03:46:03] [Worker-Main-2/INFO]: [STDOUT]:     core/rendertype_text_intensity_see_through.vsh: vanilla
[03:46:03] [Worker-Main-2/INFO]: [STDOUT]:     core/rendertype_lightning.json: vanilla
[03:46:03] [Worker-Main-2/INFO]: [STDOUT]:     core/rendertype_eyes.vsh: vanilla
[03:46:03] [Worker-Main-2/INFO]: [STDOUT]:     core/rendertype_translucent_moving_block.json: vanilla
[03:46:03] [Worker-Main-2/INFO]: [STDOUT]:     core/rendertype_text_intensity.vsh: vanilla
[03:46:03] [Worker-Main-2/INFO]: [STDOUT]:     core/rendertype_water_mask.vsh: vanilla
[03:46:03] [Worker-Main-2/INFO]: [STDOUT]:     core/xaerominimap/pos_tex_no_alpha_test.fsh: xaerominimap
[03:46:03] [Worker-Main-2/INFO]: [STDOUT]:     program/bits.fsh: vanilla
[03:46:03] [Worker-Main-2/INFO]: [STDOUT]:     core/xaeroworldmap/position_color_tex.fsh: xaeroworldmap
[03:46:03] [Worker-Main-2/INFO]: [STDOUT]:     core/rendertype_entity_glint.json: vanilla
[03:46:03] [Worker-Main-2/INFO]: [STDOUT]:     core/xaeroworldmap/position_color_tex.json: xaeroworldmap
[03:46:03] [Worker-Main-2/INFO]: [STDOUT]:     core/position_tex_lightmap_color.vsh: vanilla
[03:46:03] [Worker-Main-2/INFO]: [STDOUT]:     core/xaerominimap/position_color_tex.json: xaerominimap
[03:46:03] [Worker-Main-2/INFO]: [STDOUT]:     core/rendertype_translucent_moving_block.vsh: vanilla
[03:46:03] [Worker-Main-2/INFO]: [STDOUT]:     core/position_color_tex_lightmap.fsh: vanilla
[03:46:03] [Worker-Main-2/INFO]: [STDOUT]:     core/rendertype_cutout_mipped.fsh: vanilla
[03:46:03] [Worker-Main-2/INFO]: [STDOUT]:     core/rendertype_entity_decal.fsh: vanilla
[03:46:03] [Worker-Main-2/INFO]: [STDOUT]:     include/fog.glsl: vanilla
[03:46:03] [Worker-Main-2/INFO]: [STDOUT]:     core/rendertype_solid.vsh: vanilla
[03:46:03] [Worker-Main-2/INFO]: [STDOUT]:     core/rendertype_water_mask.fsh: vanilla
[03:46:03] [Worker-Main-2/INFO]: [STDOUT]:     core/xaerominimap/pos_tex_no_alpha_test.vsh: xaerominimap
[03:46:03] [Worker-Main-2/INFO]: [STDOUT]:     program/blur.json: vanilla
[03:46:03] [Worker-Main-2/INFO]: [STDOUT]:     post/invert.json: vanilla
[03:46:03] [Worker-Main-2/INFO]: [STDOUT]:     program/antialias.fsh: vanilla
[03:46:03] [Worker-Main-2/INFO]: [STDOUT]:     core/rendertype_translucent_moving_block.fsh: vanilla
[03:46:03] [Worker-Main-2/INFO]: [STDOUT]:     include/projection.glsl: vanilla
[03:46:03] [Worker-Main-2/INFO]: [STDOUT]:     post/antialias.json: vanilla
[03:46:03] [Worker-Main-2/INFO]: [STDOUT]:     core/rendertype_entity_solid.vsh: vanilla
[03:46:03] [Worker-Main-2/INFO]: [STDOUT]:     core/rendertype_outline.json: vanilla
[03:46:03] [Worker-Main-2/INFO]: [STDOUT]:     program/ntsc_encode.fsh: vanilla
[03:46:03] [Worker-Main-2/INFO]: [STDOUT]:     core/position_color_tex_lightmap.vsh: vanilla
[03:46:03] [Worker-Main-2/INFO]: [STDOUT]:     core/rendertype_gui_text_highlight.fsh: vanilla
[03:46:03] [Worker-Main-2/INFO]: [STDOUT]:     core/position_color_normal.vsh: vanilla
[03:46:03] [Worker-Main-2/INFO]: [STDOUT]:     post/outline.json: vanilla
[03:46:03] [Worker-Main-2/INFO]: [STDOUT]:     core/rendertype_crumbling.vsh: vanilla
[03:46:03] [Worker-Main-2/INFO]: [STDOUT]:     core/rendertype_gui_ghost_recipe_overlay.json: vanilla
[03:46:03] [Worker-Main-2/INFO]: [STDOUT]:     core/rendertype_entity_cutout_no_cull.json: vanilla
[03:46:03] [Worker-Main-2/INFO]: [STDOUT]:     core/rendertype_gui_text_highlight.vsh: vanilla
[03:46:03] [Worker-Main-2/INFO]: [STDOUT]:     program/invert.vsh: vanilla
[03:46:03] [Worker-Main-2/INFO]: [STDOUT]:     core/position_color_tex.fsh: vanilla
[03:46:03] [Worker-Main-2/INFO]: [STDOUT]:     core/xaeroworldmap/map_branch.json: xaeroworldmap
[03:46:03] [Worker-Main-2/INFO]: [STDOUT]:     core/xaeroworldmap/position_color_tex.vsh: xaeroworldmap
[03:46:03] [Worker-Main-2/INFO]: [STDOUT]:     program/ntsc_encode.json: vanilla
[03:46:03] [Worker-Main-2/INFO]: [STDOUT]:     program/phosphor.json: vanilla
[03:46:03] [Worker-Main-2/INFO]: [STDOUT]:     post/creeper.json: vanilla
[03:46:03] [Worker-Main-2/INFO]: [STDOUT]:     core/rendertype_cutout_mipped.vsh: vanilla
[03:46:03] [Worker-Main-2/INFO]: [STDOUT]:     core/rendertype_text_background_see_through.json: vanilla
[03:46:03] [Worker-Main-2/INFO]: [STDOUT]:     core/rendertype_item_entity_translucent_cull.fsh: vanilla
[03:46:03] [Worker-Main-2/INFO]: [STDOUT]:     post/bits.json: vanilla
[03:46:03] [Worker-Main-2/INFO]: [STDOUT]:     core/rendertype_armor_glint.json: vanilla
[03:46:03] [Worker-Main-2/INFO]: [STDOUT]:     program/notch.fsh: vanilla
[03:46:03] [Worker-Main-2/INFO]: [STDOUT]:     core/position_tex_color.vsh: vanilla
[03:46:03] [Worker-Main-2/INFO]: [STDOUT]:     program/spider.json: vanilla
[03:46:03] [Worker-Main-2/INFO]: [STDOUT]:     program/invert.fsh: vanilla
[03:46:03] [Worker-Main-2/INFO]: [STDOUT]:     core/rendertype_breeze_wind.vsh: vanilla
[03:46:03] [Worker-Main-2/INFO]: [STDOUT]:     core/rendertype_armor_cutout_no_cull.fsh: vanilla
[03:46:03] [Worker-Main-2/INFO]: [STDOUT]:     program/scan_pincushion.json: vanilla
[03:46:03] [Worker-Main-2/INFO]: [STDOUT]:     program/outline_watercolor.fsh: vanilla
[03:46:03] [Worker-Main-2/INFO]: [STDOUT]:     post/desaturate.json: vanilla
[03:46:03] [Worker-Main-2/INFO]: [STDOUT]:     core/rendertype_text_background.vsh: vanilla
[03:46:03] [Worker-Main-2/INFO]: [STDOUT]:     program/blobs2.json: vanilla
[03:46:03] [Worker-Main-2/INFO]: [STDOUT]:     core/rendertype_gui_text_highlight.json: vanilla
[03:46:03] [Worker-Main-2/INFO]: [STDOUT]:     core/rendertype_item_entity_translucent_cull.vsh: vanilla
[03:46:03] [Worker-Main-2/INFO]: [STDOUT]:     core/xaerominimap/position_color_tex.vsh: xaerominimap
[03:46:03] [Worker-Main-2/INFO]: [STDOUT]:     program/wobble.fsh: vanilla
[03:46:03] [Worker-Main-2/INFO]: [STDOUT]:     core/rendertype_outline.vsh: vanilla
[03:46:03] [Worker-Main-2/INFO]: [STDOUT]:     post/ntsc.json: vanilla
[03:46:03] [Worker-Main-2/INFO]: [STDOUT]:     program/wobble.json: vanilla
[03:46:03] [Worker-Main-2/INFO]: [STDOUT]:     core/rendertype_armor_cutout_no_cull.vsh: vanilla
[03:46:03] [Worker-Main-2/INFO]: [STDOUT]:     post/phosphor.json: vanilla
[03:46:03] [Worker-Main-2/INFO]: [STDOUT]:     core/rendertype_tripwire.json: vanilla
[03:46:03] [Worker-Main-2/INFO]: [STDOUT]:     core/xaeroworldmap/map.json: xaeroworldmap
[03:46:03] [Worker-Main-2/INFO]: [STDOUT]:     core/position_tex.json: vanilla
[03:46:03] [Worker-Main-2/INFO]: [STDOUT]:     core/rendertype_text_background.fsh: vanilla
[03:46:03] [Worker-Main-2/INFO]: [STDOUT]:     core/xaerominimap/position_color.json: xaerominimap
[03:46:03] [Worker-Main-2/INFO]: [STDOUT]:     core/particle.fsh: vanilla
[03:46:03] [Worker-Main-2/INFO]: [STDOUT]:     core/position_tex.vsh: vanilla
[03:46:03] [Worker-Main-2/INFO]: [STDOUT]:     core/rendertype_armor_cutout_no_cull.json: vanilla
[03:46:03] [Worker-Main-2/INFO]: [STDOUT]:     core/xaerominimap/position_color_tex.fsh: xaerominimap
[03:46:03] [Worker-Main-2/INFO]: [STDOUT]:     core/rendertype_beacon_beam.json: vanilla
[03:46:03] [Worker-Main-2/INFO]: [STDOUT]:     core/rendertype_entity_solid.fsh: vanilla
[03:46:03] [Worker-Main-2/INFO]: [STDOUT]:     core/rendertype_outline.fsh: vanilla
[03:46:03] [Worker-Main-2/INFO]: [STDOUT]:     program/entity_outline.json: vanilla
[03:46:03] [Worker-Main-2/INFO]: [STDOUT]:     post/entity_outline.json: vanilla
[03:46:03] [Worker-Main-2/INFO]: [STDOUT]:     core/rendertype_entity_translucent.json: vanilla
[03:46:03] [Worker-Main-2/INFO]: [STDOUT]:     core/rendertype_gui_overlay.json: vanilla
[03:46:03] [Worker-Main-2/INFO]: [STDOUT]:     core/particle.vsh: vanilla
[03:46:03] [Worker-Main-2/INFO]: [STDOUT]:     core/position_tex.fsh: vanilla
[03:46:03] [Worker-Main-2/INFO]: [STDOUT]:     core/rendertype_entity_smooth_cutout.json: vanilla
[03:46:03] [Worker-Main-2/INFO]: [STDOUT]:     core/position_tex_lightmap_color.fsh: vanilla
[03:46:03] [Worker-Main-2/INFO]: [STDOUT]:     core/rendertype_translucent.json: vanilla
[03:46:03] [Worker-Main-2/INFO]: [STDOUT]:     core/xaeroworldmap/position_color_tex_pre.json: xaeroworldmap
[03:46:03] [Worker-Main-2/INFO]: [STDOUT]:     core/rendertype_energy_swirl.fsh: vanilla
[03:46:03] [Worker-Main-2/INFO]: [STDOUT]:     core/rendertype_entity_decal.vsh: vanilla
[03:46:03] [Worker-Main-2/INFO]: [STDOUT]:     core/xaerominimap/pos_tex_alpha_test.json: xaerominimap
[03:46:03] [Worker-Main-2/INFO]: [STDOUT]:     core/xaerominimap/pos_tex_alpha_test_no_blend.json: xaerominimap
[03:46:03] [Worker-Main-2/INFO]: [STDOUT]:     core/rendertype_entity_glint_direct.json: vanilla
[03:46:03] [Worker-Main-2/INFO]: [STDOUT]:     core/rendertype_solid.fsh: vanilla
[03:46:03] [Worker-Main-2/INFO]: [STDOUT]:     core/xaerominimap/position_color_no_alpha_test.json: xaerominimap
[03:46:03] [Worker-Main-2/INFO]: [STDOUT]:     core/blit_screen.json: vanilla
[03:46:03] [Worker-Main-2/INFO]: [STDOUT]:     core/rendertype_entity_smooth_cutout.vsh: vanilla
[03:46:03] [Worker-Main-2/INFO]: [STDOUT]:     program/blit.json: vanilla
[03:46:03] [Worker-Main-2/INFO]: [STDOUT]:     program/bits.json: vanilla
[03:46:03] [Worker-Main-2/INFO]: [STDOUT]:     core/rendertype_entity_translucent_emissive.fsh: vanilla
[03:46:03] [Worker-Main-2/INFO]: [STDOUT]:     core/rendertype_gui.fsh: vanilla
[03:46:03] [Worker-Main-2/INFO]: [STDOUT]:     program/outline.fsh: vanilla
[03:46:03] [Worker-Main-2/INFO]: [STDOUT]:     core/rendertype_gui.vsh: vanilla
[03:46:03] [Worker-Main-2/INFO]: [STDOUT]:     core/xaerominimap/framebuffer_lines.json: xaerominimap
[03:46:03] [Worker-Main-2/INFO]: [STDOUT]:     program/blobs.json: vanilla
[03:46:03] [Worker-Main-2/INFO]: [STDOUT]:     core/rendertype_entity_no_outline.json: vanilla
[03:46:03] [Worker-Main-2/INFO]: [STDOUT]:     core/rendertype_gui_ghost_recipe_overlay.fsh: vanilla
[03:46:03] [Worker-Main-2/INFO]: [STDOUT]:     post/scan_pincushion.json: vanilla
[03:46:03] [Worker-Main-2/INFO]: [STDOUT]:     core/rendertype_armor_entity_glint.json: vanilla
[03:46:03] [Worker-Main-2/INFO]: [STDOUT]:     core/rendertype_entity_smooth_cutout.fsh: vanilla
[03:46:03] [Worker-Main-2/INFO]: [STDOUT]:     core/rendertype_glint_translucent.vsh: vanilla
[03:46:03] [Worker-Main-2/INFO]: [STDOUT]:     core/rendertype_entity_translucent_emissive.vsh: vanilla
[03:46:03] [Worker-Main-2/INFO]: [STDOUT]:     post/blobs.json: vanilla
[03:46:03] [Worker-Main-2/INFO]: [STDOUT]:     program/deconverge.fsh: vanilla
[03:46:03] [Worker-Main-2/INFO]: [STDOUT]:     core/rendertype_beacon_beam.fsh: vanilla
[03:46:03] [Worker-Main-2/INFO]: [STDOUT]:     core/rendertype_glint.json: vanilla
[03:46:03] [Worker-Main-2/INFO]: [STDOUT]:     program/ntsc_decode.json: vanilla
[03:46:03] [Worker-Main-2/INFO]: [STDOUT]:     core/xaerominimap/position_color_tex_pre.json: xaerominimap
[03:46:03] [Worker-Main-2/INFO]: [STDOUT]:     core/rendertype_glint_translucent.fsh: vanilla
[03:46:03] [Worker-Main-2/INFO]: [STDOUT]:     core/rendertype_armor_entity_glint.fsh: vanilla
[03:46:03] [Worker-Main-2/INFO]: [STDOUT]:     core/rendertype_entity_cutout_no_cull_z_offset.fsh: vanilla
[03:46:03] [Worker-Main-2/INFO]: [STDOUT]:     core/xaerominimap/framebuffer_lines.vsh: xaerominimap
[03:46:03] [Worker-Main-2/INFO]: [STDOUT]:     core/rendertype_beacon_beam.vsh: vanilla
[03:46:03] [Worker-Main-2/INFO]: [STDOUT]:     core/rendertype_text_see_through.fsh: vanilla
[03:46:03] [Worker-Main-2/INFO]: [STDOUT]:     core/rendertype_gui.json: vanilla
[03:46:03] [Worker-Main-2/INFO]: [STDOUT]:     program/sobel.json: vanilla
[03:46:03] [Worker-Main-2/INFO]: [STDOUT]:     core/position.json: vanilla
[03:46:03] [Worker-Main-2/INFO]: [STDOUT]:     core/rendertype_entity_cutout_no_cull_z_offset.vsh: vanilla
[03:46:03] [Worker-Main-2/INFO]: [STDOUT]:     core/xaerominimap/framebuffer_lines.fsh: xaerominimap
[03:46:03] [Worker-Main-2/INFO]: [STDOUT]:     core/rendertype_text.json: vanilla
[03:46:03] [Worker-Main-2/INFO]: [STDOUT]:     program/overlay.fsh: vanilla
[03:46:03] [Worker-Main-2/INFO]: [STDOUT]:     core/rendertype_text_see_through.vsh: vanilla
[03:46:03] [Worker-Main-2/INFO]: [STDOUT]:     core/position_color_lightmap.vsh: vanilla
[03:46:03] [Worker-Main-2/INFO]: [STDOUT]:     core/position_color_tex.vsh: vanilla
[03:46:03] [Worker-Main-2/INFO]: [STDOUT]:     core/rendertype_entity_translucent_cull.json: vanilla
[03:46:03] [Worker-Main-2/INFO]: [STDOUT]:     include/matrix.glsl: vanilla
[03:46:03] [Worker-Main-2/INFO]: [STDOUT]:     core/rendertype_text.fsh: vanilla
[03:46:03] [Worker-Main-2/INFO]: [STDOUT]:     core/position.fsh: vanilla
[03:46:03] [Worker-Main-2/INFO]: [STDOUT]:     core/position_tex_color.fsh: vanilla
[03:46:03] [Worker-Main-2/INFO]: [STDOUT]:     program/outline_combine.fsh: vanilla
[03:46:03] [Worker-Main-2/INFO]: [STDOUT]:     program/outline_watercolor.json: vanilla
[03:46:03] [Worker-Main-2/INFO]: [STDOUT]:     program/entity_sobel.fsh: vanilla
[03:46:03] [Worker-Main-2/INFO]: [STDOUT]:     core/rendertype_breeze_wind.fsh: vanilla
[03:46:03] [Worker-Main-2/INFO]: [STDOUT]:     post/art.json: vanilla
[03:46:03] [Worker-Main-2/INFO]: [STDOUT]:     program/color_convolve.fsh: vanilla
[03:46:03] [Worker-Main-2/INFO]: [STDOUT]:     post/flip.json: vanilla
[03:46:03] [Worker-Main-2/INFO]: [STDOUT]:     core/rendertype_cutout.fsh: vanilla
[03:46:03] [Worker-Main-2/INFO]: [STDOUT]:     post/blobs2.json: vanilla
[03:46:03] [Worker-Main-2/INFO]: [STDOUT]:     core/rendertype_entity_cutout.json: vanilla
[03:46:03] [Worker-Main-2/INFO]: [STDOUT]:     core/rendertype_leash.json: vanilla
[03:46:03] [Worker-Main-2/INFO]: [STDOUT]:     core/position.vsh: vanilla
[03:46:03] [Worker-Main-2/INFO]: [STDOUT]:     core/rendertype_gui_ghost_recipe_overlay.vsh: vanilla
[03:46:03] [Worker-Main-2/INFO]: [STDOUT]:     core/xaerominimap/position_color_no_alpha_test.fsh: xaerominimap
[03:46:03] [Worker-Main-2/INFO]: [STDOUT]:     core/xaeroworldmap/map_branch.vsh: xaeroworldmap
[03:46:03] [Worker-Main-2/INFO]: [STDOUT]:     post/sobel.json: vanilla
[03:46:03] [Worker-Main-2/INFO]: [STDOUT]:     core/position_color_normal.fsh: vanilla
[03:46:03] [Worker-Main-2/INFO]: [STDOUT]:     program/fxaa.vsh: vanilla
[03:46:03] [Worker-Main-2/INFO]: [STDOUT]:     core/rendertype_item_entity_translucent_cull.json: vanilla
[03:46:03] [Worker-Main-2/INFO]: [STDOUT]:     core/rendertype_entity_alpha.vsh: vanilla
[03:46:03] [Worker-Main-2/INFO]: [STDOUT]:     post/wobble.json: vanilla
[03:46:03] [Worker-Main-2/INFO]: [STDOUT]:     program/antialias.json: vanilla
[03:46:03] [Worker-Main-2/INFO]: [STDOUT]:     core/rendertype_armor_entity_glint.vsh: vanilla
[03:46:03] [Worker-Main-2/INFO]: [STDOUT]:     core/rendertype_end_gateway.json: vanilla
[03:46:03] [Worker-Main-2/INFO]: [STDOUT]:     core/rendertype_entity_no_outline.fsh: vanilla
[03:46:03] [Worker-Main-2/INFO]: [STDOUT]:     core/rendertype_entity_cutout_no_cull.fsh: vanilla
[03:46:03] [Worker-Main-2/INFO]: [STDOUT]:     core/xaeroworldmap/map_branch.fsh: xaeroworldmap
[03:46:03] [Worker-Main-2/INFO]: [STDOUT]:     core/position_color_lightmap.fsh: vanilla
[03:46:03] [Worker-Main-2/INFO]: [STDOUT]:     program/fxaa.fsh: vanilla
[03:46:03] [Worker-Main-2/INFO]: [STDOUT]:     core/rendertype_entity_alpha.fsh: vanilla
[03:46:03] [Worker-Main-2/INFO]: [STDOUT]:     program/outline_soft.fsh: vanilla
[03:46:03] [Worker-Main-2/INFO]: [STDOUT]:     program/deconverge.json: vanilla
[03:46:03] [Worker-Main-2/INFO]: [STDOUT]:     core/rendertype_entity_no_outline.vsh: vanilla
[03:46:03] [Worker-Main-2/INFO]: [STDOUT]:     core/rendertype_text.vsh: vanilla
[03:46:03] [Worker-Main-2/INFO]: [STDOUT]:     core/rendertype_end_portal.vsh: vanilla
[03:46:03] [Worker-Main-2/INFO]: [STDOUT]:     core/rendertype_entity_cutout_no_cull.vsh: vanilla
[03:46:03] [Worker-Main-2/INFO]: [STDOUT]:     core/rendertype_crumbling.json: vanilla
[03:46:03] [Worker-Main-2/INFO]: [STDOUT]:     core/rendertype_leash.vsh: vanilla
[03:46:03] [Worker-Main-2/INFO]: [STDOUT]:     core/xaerominimap/position_color.vsh: xaerominimap
[03:46:03] [Worker-Main-2/INFO]: [STDOUT]:     core/rendertype_glint_direct.fsh: vanilla
[03:46:03] [Worker-Main-2/INFO]: [STDOUT]:     program/color_convolve.json: vanilla
[03:46:03] [Worker-Main-2/INFO]: [STDOUT]:     core/position_multi_tex.json: exordium
[03:46:03] [Worker-Main-2/INFO]: [STDOUT]:     core/particle.json: vanilla
[03:46:03] [Worker-Main-2/INFO]: [STDOUT]:     core/rendertype_translucent.fsh: vanilla
[03:46:03] [Worker-Main-2/INFO]: [STDOUT]:     program/notch.json: vanilla
[03:46:03] [Worker-Main-2/INFO]: [STDOUT]:     core/xaerominimap/pos_tex_no_alpha_test_no_blend.json: xaerominimap
[03:46:03] [Worker-Main-2/INFO]: [STDOUT]:     core/xaerominimap/position_color_no_alpha_test.vsh: xaerominimap
[03:46:03] [Worker-Main-2/INFO]: [STDOUT]:     core/rendertype_end_portal.fsh: vanilla
[03:46:03] [Worker-Main-2/INFO]: [STDOUT]:     post/notch.json: vanilla
[03:46:03] [Worker-Main-2/INFO]: [STDOUT]:     core/rendertype_leash.fsh: vanilla
[03:46:03] [Worker-Main-2/INFO]: [STDOUT]:     core/xaerominimap/position_color.fsh: xaerominimap
[03:46:03] [Worker-Main-2/INFO]: [STDOUT]:     core/rendertype_glint_direct.vsh: vanilla
[03:46:03] [Worker-Main-2/INFO]: [STDOUT]:     core/rendertype_translucent.vsh: vanilla
[03:46:03] [Worker-Main-2/INFO]: [STDOUT]:     program/sobel.fsh: vanilla
[03:46:03] [Worker-Main-2/INFO]: [STDOUT]:     core/rendertype_cutout.vsh: vanilla
[03:46:03] [Worker-Main-2/INFO]: [STDOUT]:     core/rendertype_text_see_through.json: vanilla
[03:46:03] [Worker-Main-2/INFO]: [STDOUT]:     program/screenquad.vsh: vanilla
[03:46:03] [Worker-Main-2/INFO]: [STDOUT]:     core/rendertype_glint.vsh: vanilla
[03:46:03] [Worker-Main-2/INFO]: [STDOUT]:     core/xaeroworldmap/position_color.json: xaeroworldmap
[03:46:03] [Worker-Main-2/INFO]: [STDOUT]:     program/sobel.vsh: vanilla
[03:46:03] [Worker-Main-2/INFO]: [STDOUT]:     core/rendertype_water_mask.json: vanilla
[03:46:03] [Worker-Main-2/INFO]: [STDOUT]:     post/pencil.json: vanilla
[03:46:03] [Worker-Main-2/INFO]: [STDOUT]:     core/rendertype_text_background.json: vanilla
[03:46:03] [Worker-Main-2/INFO]: [STDOUT]:     core/rendertype_entity_glint.vsh: vanilla
[03:46:03] [Worker-Main-2/INFO]: [STDOUT]:     core/rendertype_entity_cutout_no_cull_z_offset.json: vanilla
[03:46:03] [Worker-Main-2/INFO]: [STDOUT]:     program/transparency.json: vanilla
[03:46:03] [Worker-Main-2/INFO]: [STDOUT]:     core/position_color_tex.json: vanilla
[03:46:03] [Worker-Main-2/INFO]: [STDOUT]:     core/rendertype_entity_translucent.vsh: vanilla
[03:46:03] [Worker-Main-2/INFO]: [STDOUT]:     post/color_convolve.json: vanilla
[03:46:03] [Worker-Main-2/INFO]: [STDOUT]:     core/rendertype_lines.json: vanilla
[03:46:03] [Worker-Main-2/INFO]: [STDOUT]:     core/xaerominimap/pos_tex_alpha_test.vsh: xaerominimap
[03:46:03] [Worker-Main-2/INFO]: [STDOUT]:     program/phosphor.fsh: vanilla
[03:46:03] [Worker-Main-2/INFO]: [STDOUT]:     core/position_color.json: vanilla
[03:46:03] [Worker-Main-2/INFO]: [STDOUT]:     program/outline_combine.json: vanilla
[03:46:03] [Worker-Main-2/INFO]: [STDOUT]:     core/rendertype_end_portal.json: vanilla
[03:46:03] [Worker-Main-2/INFO]: [STDOUT]:     core/rendertype_gui_overlay.vsh: vanilla
[03:46:03] [Worker-Main-2/INFO]: [STDOUT]:     core/xaeroworldmap/map.vsh: xaeroworldmap
[03:46:03] [Worker-Main-2/INFO]: [STDOUT]:     core/rendertype_entity_translucent.fsh: vanilla
[03:46:03] [Worker-Main-2/INFO]: [STDOUT]:     core/position_color_tex_lightmap.json: vanilla
[03:46:03] [Worker-Main-2/INFO]: [STDOUT]:     include/light.glsl: vanilla
[03:46:03] [Worker-Main-2/INFO]: [STDOUT]:     program/blobs.vsh: vanilla
[03:46:03] [Worker-Main-2/INFO]: [STDOUT]:     core/rendertype_tripwire.fsh: vanilla
[03:46:03] [Worker-Main-2/INFO]: [STDOUT]:     core/xaeroworldmap/map.fsh: xaeroworldmap
[03:46:03] [Worker-Main-2/INFO]: [STDOUT]:     post/transparency.json: vanilla
[03:46:03] [Worker-Main-2/INFO]: [STDOUT]:     core/rendertype_lines.fsh: vanilla
[03:46:03] [Worker-Main-2/INFO]: [STDOUT]:     core/rendertype_entity_shadow.json: vanilla
[03:46:03] [Worker-Main-2/INFO]: [STDOUT]:     core/position_color_normal.json: vanilla
[03:46:03] [Worker-Main-2/INFO]: [STDOUT]:     core/rendertype_energy_swirl.json: vanilla
[03:46:03] [Worker-Main-2/INFO]: [STDOUT]:     program/blobs2.fsh: vanilla
[03:46:03] [Worker-Main-2/INFO]: [STDOUT]:     core/rendertype_tripwire.vsh: vanilla
[03:46:03] [Worker-Main-2/INFO]: [STDOUT]:     post/spider.json: vanilla
[03:46:03] [Worker-Main-2/INFO]: [STDOUT]:     core/rendertype_lines.vsh: vanilla
[03:46:03] [Worker-Main-2/INFO]: [STDOUT]:     core/rendertype_text_intensity_see_through.json: vanilla
[03:46:03] [Worker-Main-2/INFO]: [STDOUT]:     core/rendertype_breeze_wind.json: vanilla
[03:46:03] [Worker-Main-2/INFO]: [STDOUT]:     core/xaerominimap/pos_tex_alpha_test.fsh: xaerominimap
[03:46:03] [Worker-Main-2/INFO]: [STDOUT]:     core/rendertype_gui_overlay.fsh: vanilla
[03:46:03] [Worker-Main-2/INFO]: [STDOUT]:     program/ntsc_decode.fsh: vanilla
[03:46:03] [Worker-Main-2/INFO]: [STDOUT]: nameSpace: sodium
[03:46:03] [Worker-Main-2/INFO]: [STDOUT]:     include/chunk_matrices.glsl: sodium
[03:46:03] [Worker-Main-2/INFO]: [STDOUT]:     blocks/block_layer_opaque.fsh: sodium
[03:46:03] [Worker-Main-2/INFO]: [STDOUT]:     blocks/block_layer_opaque.vsh: sodium
[03:46:03] [Worker-Main-2/INFO]: [STDOUT]:     include/chunk_vertex.glsl: sodium
[03:46:03] [Worker-Main-2/INFO]: [STDOUT]:     include/fog.glsl: sodium
[03:46:03] [Worker-Main-2/INFO]: [STDOUT]:     include/chunk_material.glsl: sodium
[03:46:03] [Worker-Main-2/INFO]: [STDOUT]: nameSpace: malilib
[03:46:03] [Worker-Main-2/INFO]: [STDOUT]:     sv_selector.frag: malilib
[03:46:03] [Worker-Main-2/INFO]: [STDOUT]: nameSpace: nvidium
[03:46:03] [Worker-Main-2/INFO]: [STDOUT]:     occlusion/region_raster/mesh.glsl: nvidium
[03:46:03] [Worker-Main-2/INFO]: [STDOUT]:     occlusion/scene.glsl: nvidium
[03:46:03] [Worker-Main-2/INFO]: [STDOUT]:     sorting/sorting_network.glsl: nvidium
[03:46:03] [Worker-Main-2/INFO]: [STDOUT]:     terrain/fog.glsl: nvidium
[03:46:03] [Worker-Main-2/INFO]: [STDOUT]:     occlusion/queries/region/mesh.glsl: nvidium
[03:46:03] [Worker-Main-2/INFO]: [STDOUT]:     occlusion/section_raster/fragment.glsl: nvidium
[03:46:03] [Worker-Main-2/INFO]: [STDOUT]:     terrain/temporal_task.glsl: nvidium
[03:46:03] [Worker-Main-2/INFO]: [STDOUT]:     terrain/translucent/task.glsl: nvidium
[03:46:03] [Worker-Main-2/INFO]: [STDOUT]:     occlusion/section_raster/task.glsl: nvidium
[03:46:03] [Worker-Main-2/INFO]: [STDOUT]:     terrain/vertex_format.glsl: nvidium
[03:46:03] [Worker-Main-2/INFO]: [STDOUT]:     occlusion/queries/region/fragment.frag: nvidium
[03:46:03] [Worker-Main-2/INFO]: [STDOUT]:     sorting/region_section_sorter.comp: nvidium
[03:46:03] [Worker-Main-2/INFO]: [STDOUT]:     occlusion/section_raster/mesh.glsl: nvidium
[03:46:03] [Worker-Main-2/INFO]: [STDOUT]:     terrain/frag.frag: nvidium
[03:46:03] [Worker-Main-2/INFO]: [STDOUT]:     terrain/translucent/mesh.glsl: nvidium
[03:46:03] [Worker-Main-2/INFO]: [STDOUT]:     terrain/task.glsl: nvidium
[03:46:03] [Worker-Main-2/INFO]: [STDOUT]:     terrain/mesh.glsl: nvidium
[03:46:03] [Worker-Main-2/INFO]: [STDOUT]:     terrain/translucent/frag.frag: nvidium
[03:46:03] [Worker-Main-2/INFO]: [STDOUT]:     occlusion/region_raster/fragment.frag: nvidium
[03:46:03] [Worker-Main-2/INFO]: [STDOUT]:     terrain/task_common.glsl: nvidium
[03:46:03] [Render thread/INFO]: [STDOUT]: [nether-pathfinder] Created temp file at /tmp/libnether_pathfinder-x86_642411620998977032027.so
[03:46:03] [Render thread/INFO]: [STDOUT]: [nether-pathfinder] Loaded shared library
[03:46:03] [Render thread/WARN]: DarkTitleBar only works on windows!
[03:46:03] [Worker-Main-2/WARN]: Texture minecraft:block/redstone_dust/14 with size 8x8 limits mip level from 4 to 3
[03:46:03] [Worker-Main-2/WARN]: minecraft:textures/atlas/blocks.png: dropping miplevel from 4 to 3, because of minimum power of two: 8
[03:46:04] [Render thread/INFO]: Client started, setting up xray store
[03:46:04] [Render thread/INFO]: Loading Xaero's World Map - Stage 2/2
[03:46:04] [Render thread/INFO]: New world map region cache hash code: -765762184
[03:46:04] [Render thread/INFO]: Registered player tracker system: map_synced
[03:46:04] [Render thread/INFO]: Xaero's WorldMap Mod: Xaero's minimap found!
[03:46:04] [Render thread/INFO]: Registered player tracker system: minimap_synced
[03:46:04] [Render thread/INFO]: No Optifine!
[03:46:04] [Render thread/INFO]: Xaero's World Map: No Vivecraft!
[03:46:04] [Render thread/INFO]: Xaero's World Map: Iris found!
[03:46:04] [Render thread/ERROR]: Failed to list path /workspace/PrismLauncher/instances/1.20.4/.minecraft/resourcepacks/BlenderRP 1.19.4/assets/.mcassetsroot/cpm_tags/block
java.nio.file.FileSystemException: /workspace/PrismLauncher/instances/1.20.4/.minecraft/resourcepacks/BlenderRP 1.19.4/assets/.mcassetsroot/cpm_tags/block: Not a directory
	at sun.nio.fs.UnixException.translateToIOException(UnixException.java:100) ~[?:?]
	at sun.nio.fs.UnixException.rethrowAsIOException(UnixException.java:106) ~[?:?]
	at sun.nio.fs.UnixException.rethrowAsIOException(UnixException.java:111) ~[?:?]
	at sun.nio.fs.UnixFileAttributeViews$Basic.readAttributes(UnixFileAttributeViews.java:55) ~[?:?]
	at sun.nio.fs.UnixFileSystemProvider.readAttributes(UnixFileSystemProvider.java:148) ~[?:?]
	at sun.nio.fs.LinuxFileSystemProvider.readAttributes(LinuxFileSystemProvider.java:99) ~[?:?]
	at java.nio.file.Files.readAttributes(Files.java:1851) ~[?:?]
	at java.nio.file.FileTreeWalker.getAttributes(FileTreeWalker.java:220) ~[?:?]
	at java.nio.file.FileTreeWalker.visit(FileTreeWalker.java:277) ~[?:?]
	at java.nio.file.FileTreeWalker.walk(FileTreeWalker.java:323) ~[?:?]
	at java.nio.file.FileTreeIterator.<init>(FileTreeIterator.java:71) ~[?:?]
	at java.nio.file.Files.find(Files.java:4036) ~[?:?]
	at net.minecraft.resource.DirectoryResourcePack.findResources(DirectoryResourcePack.java:111) ~[client-intermediary.jar:?]
	at net.minecraft.resource.DirectoryResourcePack.method_45181(DirectoryResourcePack.java:102) ~[client-intermediary.jar:?]
	at com.mojang.datafixers.util.Either$Left.ifLeft(Either.java:43) ~[datafixerupper-6.0.8.jar:?]
	at net.minecraft.resource.DirectoryResourcePack.findResources(DirectoryResourcePack.java:100) ~[client-intermediary.jar:?]
	at net.minecraft.resource.NamespaceResourceManager.findAndAdd(NamespaceResourceManager.java:290) ~[client-intermediary.jar:?]
	at net.minecraft.resource.NamespaceResourceManager.findAllResources(NamespaceResourceManager.java:312) ~[client-intermediary.jar:?]
	at net.minecraft.resource.LifecycledResourceManagerImpl.findAllResources(LifecycledResourceManagerImpl.java:121) ~[client-intermediary.jar:?]
	at net.minecraft.resource.ReloadableResourceManagerImpl.findAllResources(ReloadableResourceManagerImpl.java:72) ~[client-intermediary.jar:?]
	at com.tom.cpm.client.CPMTagLoader.load(CPMTagLoader.java:54) ~[CustomPlayerModels-Fabric-1.20.4-0.6.15a.jar:?]
	at com.tom.cpm.client.CPMTagLoader.init(CPMTagLoader.java:36) ~[CustomPlayerModels-Fabric-1.20.4-0.6.15a.jar:?]
	at com.tom.cpm.client.CPMTagLoader.lambda$new$0(CPMTagLoader.java:31) ~[CustomPlayerModels-Fabric-1.20.4-0.6.15a.jar:?]
	at net.minecraft.util.thread.ThreadExecutor.executeTask(ThreadExecutor.java:156) ~[client-intermediary.jar:?]
	at net.minecraft.util.thread.ReentrantThreadExecutor.executeTask(ReentrantThreadExecutor.java:23) ~[client-intermediary.jar:?]
	at net.minecraft.util.thread.ThreadExecutor.runTask(ThreadExecutor.java:130) ~[client-intermediary.jar:?]
	at net.minecraft.util.thread.ThreadExecutor.runTasks(ThreadExecutor.java:115) ~[client-intermediary.jar:?]
	at net.minecraft.client.MinecraftClient.render(MinecraftClient.java:1283) ~[client-intermediary.jar:?]
	at net.minecraft.client.MinecraftClient.run(MinecraftClient.java:888) ~[client-intermediary.jar:?]
	at net.minecraft.client.main.Main.main(Main.java:265) ~[minecraft-1.20.4-client.jar:?]
	at net.fabricmc.loader.impl.game.minecraft.MinecraftGameProvider.launch(MinecraftGameProvider.java:470) ~[fabric-loader-0.15.7.jar:?]
	at net.fabricmc.loader.impl.launch.knot.Knot.launch(Knot.java:74) ~[fabric-loader-0.15.7.jar:?]
	at net.fabricmc.loader.impl.launch.knot.KnotClient.main(KnotClient.java:23) ~[fabric-loader-0.15.7.jar:?]
	at org.prismlauncher.launcher.impl.StandardLauncher.launch(StandardLauncher.java:87) ~[NewLaunch.jar:?]
	at org.prismlauncher.EntryPoint.listen(EntryPoint.java:129) ~[NewLaunch.jar:?]
	at org.prismlauncher.EntryPoint.main(EntryPoint.java:70) ~[NewLaunch.jar:?]
[03:46:04] [Render thread/INFO]: Loaded 0 built-in, 0 custom block tags
[03:46:04] [Render thread/ERROR]: Failed to list path /workspace/PrismLauncher/instances/1.20.4/.minecraft/resourcepacks/BlenderRP 1.19.4/assets/.mcassetsroot/cpm_tags/item
java.nio.file.FileSystemException: /workspace/PrismLauncher/instances/1.20.4/.minecraft/resourcepacks/BlenderRP 1.19.4/assets/.mcassetsroot/cpm_tags/item: Not a directory
	at sun.nio.fs.UnixException.translateToIOException(UnixException.java:100) ~[?:?]
	at sun.nio.fs.UnixException.rethrowAsIOException(UnixException.java:106) ~[?:?]
	at sun.nio.fs.UnixException.rethrowAsIOException(UnixException.java:111) ~[?:?]
	at sun.nio.fs.UnixFileAttributeViews$Basic.readAttributes(UnixFileAttributeViews.java:55) ~[?:?]
	at sun.nio.fs.UnixFileSystemProvider.readAttributes(UnixFileSystemProvider.java:148) ~[?:?]
	at sun.nio.fs.LinuxFileSystemProvider.readAttributes(LinuxFileSystemProvider.java:99) ~[?:?]
	at java.nio.file.Files.readAttributes(Files.java:1851) ~[?:?]
	at java.nio.file.FileTreeWalker.getAttributes(FileTreeWalker.java:220) ~[?:?]
	at java.nio.file.FileTreeWalker.visit(FileTreeWalker.java:277) ~[?:?]
	at java.nio.file.FileTreeWalker.walk(FileTreeWalker.java:323) ~[?:?]
	at java.nio.file.FileTreeIterator.<init>(FileTreeIterator.java:71) ~[?:?]
	at java.nio.file.Files.find(Files.java:4036) ~[?:?]
	at net.minecraft.resource.DirectoryResourcePack.findResources(DirectoryResourcePack.java:111) ~[client-intermediary.jar:?]
	at net.minecraft.resource.DirectoryResourcePack.method_45181(DirectoryResourcePack.java:102) ~[client-intermediary.jar:?]
	at com.mojang.datafixers.util.Either$Left.ifLeft(Either.java:43) ~[datafixerupper-6.0.8.jar:?]
	at net.minecraft.resource.DirectoryResourcePack.findResources(DirectoryResourcePack.java:100) ~[client-intermediary.jar:?]
	at net.minecraft.resource.NamespaceResourceManager.findAndAdd(NamespaceResourceManager.java:290) ~[client-intermediary.jar:?]
	at net.minecraft.resource.NamespaceResourceManager.findAllResources(NamespaceResourceManager.java:312) ~[client-intermediary.jar:?]
	at net.minecraft.resource.LifecycledResourceManagerImpl.findAllResources(LifecycledResourceManagerImpl.java:121) ~[client-intermediary.jar:?]
	at net.minecraft.resource.ReloadableResourceManagerImpl.findAllResources(ReloadableResourceManagerImpl.java:72) ~[client-intermediary.jar:?]
	at com.tom.cpm.client.CPMTagLoader.load(CPMTagLoader.java:54) ~[CustomPlayerModels-Fabric-1.20.4-0.6.15a.jar:?]
	at com.tom.cpm.client.CPMTagLoader.init(CPMTagLoader.java:36) ~[CustomPlayerModels-Fabric-1.20.4-0.6.15a.jar:?]
	at com.tom.cpm.client.CPMTagLoader.lambda$new$0(CPMTagLoader.java:31) ~[CustomPlayerModels-Fabric-1.20.4-0.6.15a.jar:?]
	at net.minecraft.util.thread.ThreadExecutor.executeTask(ThreadExecutor.java:156) ~[client-intermediary.jar:?]
	at net.minecraft.util.thread.ReentrantThreadExecutor.executeTask(ReentrantThreadExecutor.java:23) ~[client-intermediary.jar:?]
	at net.minecraft.util.thread.ThreadExecutor.runTask(ThreadExecutor.java:130) ~[client-intermediary.jar:?]
	at net.minecraft.util.thread.ThreadExecutor.runTasks(ThreadExecutor.java:115) ~[client-intermediary.jar:?]
	at net.minecraft.client.MinecraftClient.render(MinecraftClient.java:1283) ~[client-intermediary.jar:?]
	at net.minecraft.client.MinecraftClient.run(MinecraftClient.java:888) ~[client-intermediary.jar:?]
	at net.minecraft.client.main.Main.main(Main.java:265) ~[minecraft-1.20.4-client.jar:?]
	at net.fabricmc.loader.impl.game.minecraft.MinecraftGameProvider.launch(MinecraftGameProvider.java:470) ~[fabric-loader-0.15.7.jar:?]
	at net.fabricmc.loader.impl.launch.knot.Knot.launch(Knot.java:74) ~[fabric-loader-0.15.7.jar:?]
	at net.fabricmc.loader.impl.launch.knot.KnotClient.main(KnotClient.java:23) ~[fabric-loader-0.15.7.jar:?]
	at org.prismlauncher.launcher.impl.StandardLauncher.launch(StandardLauncher.java:87) ~[NewLaunch.jar:?]
	at org.prismlauncher.EntryPoint.listen(EntryPoint.java:129) ~[NewLaunch.jar:?]
	at org.prismlauncher.EntryPoint.main(EntryPoint.java:70) ~[NewLaunch.jar:?]
[03:46:04] [Render thread/INFO]: Loaded 6 built-in, 0 custom item tags
[03:46:04] [Render thread/ERROR]: Failed to list path /workspace/PrismLauncher/instances/1.20.4/.minecraft/resourcepacks/BlenderRP 1.19.4/assets/.mcassetsroot/cpm_tags/entity
java.nio.file.FileSystemException: /workspace/PrismLauncher/instances/1.20.4/.minecraft/resourcepacks/BlenderRP 1.19.4/assets/.mcassetsroot/cpm_tags/entity: Not a directory
	at sun.nio.fs.UnixException.translateToIOException(UnixException.java:100) ~[?:?]
	at sun.nio.fs.UnixException.rethrowAsIOException(UnixException.java:106) ~[?:?]
	at sun.nio.fs.UnixException.rethrowAsIOException(UnixException.java:111) ~[?:?]
	at sun.nio.fs.UnixFileAttributeViews$Basic.readAttributes(UnixFileAttributeViews.java:55) ~[?:?]
	at sun.nio.fs.UnixFileSystemProvider.readAttributes(UnixFileSystemProvider.java:148) ~[?:?]
	at sun.nio.fs.LinuxFileSystemProvider.readAttributes(LinuxFileSystemProvider.java:99) ~[?:?]
	at java.nio.file.Files.readAttributes(Files.java:1851) ~[?:?]
	at java.nio.file.FileTreeWalker.getAttributes(FileTreeWalker.java:220) ~[?:?]
	at java.nio.file.FileTreeWalker.visit(FileTreeWalker.java:277) ~[?:?]
	at java.nio.file.FileTreeWalker.walk(FileTreeWalker.java:323) ~[?:?]
	at java.nio.file.FileTreeIterator.<init>(FileTreeIterator.java:71) ~[?:?]
	at java.nio.file.Files.find(Files.java:4036) ~[?:?]
	at net.minecraft.resource.DirectoryResourcePack.findResources(DirectoryResourcePack.java:111) ~[client-intermediary.jar:?]
	at net.minecraft.resource.DirectoryResourcePack.method_45181(DirectoryResourcePack.java:102) ~[client-intermediary.jar:?]
	at com.mojang.datafixers.util.Either$Left.ifLeft(Either.java:43) ~[datafixerupper-6.0.8.jar:?]
	at net.minecraft.resource.DirectoryResourcePack.findResources(DirectoryResourcePack.java:100) ~[client-intermediary.jar:?]
	at net.minecraft.resource.NamespaceResourceManager.findAndAdd(NamespaceResourceManager.java:290) ~[client-intermediary.jar:?]
	at net.minecraft.resource.NamespaceResourceManager.findAllResources(NamespaceResourceManager.java:312) ~[client-intermediary.jar:?]
	at net.minecraft.resource.LifecycledResourceManagerImpl.findAllResources(LifecycledResourceManagerImpl.java:121) ~[client-intermediary.jar:?]
	at net.minecraft.resource.ReloadableResourceManagerImpl.findAllResources(ReloadableResourceManagerImpl.java:72) ~[client-intermediary.jar:?]
	at com.tom.cpm.client.CPMTagLoader.load(CPMTagLoader.java:54) ~[CustomPlayerModels-Fabric-1.20.4-0.6.15a.jar:?]
	at com.tom.cpm.client.CPMTagLoader.init(CPMTagLoader.java:36) ~[CustomPlayerModels-Fabric-1.20.4-0.6.15a.jar:?]
	at com.tom.cpm.client.CPMTagLoader.lambda$new$0(CPMTagLoader.java:31) ~[CustomPlayerModels-Fabric-1.20.4-0.6.15a.jar:?]
	at net.minecraft.util.thread.ThreadExecutor.executeTask(ThreadExecutor.java:156) ~[client-intermediary.jar:?]
	at net.minecraft.util.thread.ReentrantThreadExecutor.executeTask(ReentrantThreadExecutor.java:23) ~[client-intermediary.jar:?]
	at net.minecraft.util.thread.ThreadExecutor.runTask(ThreadExecutor.java:130) ~[client-intermediary.jar:?]
	at net.minecraft.util.thread.ThreadExecutor.runTasks(ThreadExecutor.java:115) ~[client-intermediary.jar:?]
	at net.minecraft.client.MinecraftClient.render(MinecraftClient.java:1283) ~[client-intermediary.jar:?]
	at net.minecraft.client.MinecraftClient.run(MinecraftClient.java:888) ~[client-intermediary.jar:?]
	at net.minecraft.client.main.Main.main(Main.java:265) ~[minecraft-1.20.4-client.jar:?]
	at net.fabricmc.loader.impl.game.minecraft.MinecraftGameProvider.launch(MinecraftGameProvider.java:470) ~[fabric-loader-0.15.7.jar:?]
	at net.fabricmc.loader.impl.launch.knot.Knot.launch(Knot.java:74) ~[fabric-loader-0.15.7.jar:?]
	at net.fabricmc.loader.impl.launch.knot.KnotClient.main(KnotClient.java:23) ~[fabric-loader-0.15.7.jar:?]
	at org.prismlauncher.launcher.impl.StandardLauncher.launch(StandardLauncher.java:87) ~[NewLaunch.jar:?]
	at org.prismlauncher.EntryPoint.listen(EntryPoint.java:129) ~[NewLaunch.jar:?]
	at org.prismlauncher.EntryPoint.main(EntryPoint.java:70) ~[NewLaunch.jar:?]
[03:46:04] [Render thread/INFO]: Loaded 0 built-in, 0 custom entity tags
[03:46:04] [Render thread/ERROR]: Failed to list path /workspace/PrismLauncher/instances/1.20.4/.minecraft/resourcepacks/BlenderRP 1.19.4/assets/.mcassetsroot/cpm_tags/biome
java.nio.file.FileSystemException: /workspace/PrismLauncher/instances/1.20.4/.minecraft/resourcepacks/BlenderRP 1.19.4/assets/.mcassetsroot/cpm_tags/biome: Not a directory
	at sun.nio.fs.UnixException.translateToIOException(UnixException.java:100) ~[?:?]
	at sun.nio.fs.UnixException.rethrowAsIOException(UnixException.java:106) ~[?:?]
	at sun.nio.fs.UnixException.rethrowAsIOException(UnixException.java:111) ~[?:?]
	at sun.nio.fs.UnixFileAttributeViews$Basic.readAttributes(UnixFileAttributeViews.java:55) ~[?:?]
	at sun.nio.fs.UnixFileSystemProvider.readAttributes(UnixFileSystemProvider.java:148) ~[?:?]
	at sun.nio.fs.LinuxFileSystemProvider.readAttributes(LinuxFileSystemProvider.java:99) ~[?:?]
	at java.nio.file.Files.readAttributes(Files.java:1851) ~[?:?]
	at java.nio.file.FileTreeWalker.getAttributes(FileTreeWalker.java:220) ~[?:?]
	at java.nio.file.FileTreeWalker.visit(FileTreeWalker.java:277) ~[?:?]
	at java.nio.file.FileTreeWalker.walk(FileTreeWalker.java:323) ~[?:?]
	at java.nio.file.FileTreeIterator.<init>(FileTreeIterator.java:71) ~[?:?]
	at java.nio.file.Files.find(Files.java:4036) ~[?:?]
	at net.minecraft.resource.DirectoryResourcePack.findResources(DirectoryResourcePack.java:111) ~[client-intermediary.jar:?]
	at net.minecraft.resource.DirectoryResourcePack.method_45181(DirectoryResourcePack.java:102) ~[client-intermediary.jar:?]
	at com.mojang.datafixers.util.Either$Left.ifLeft(Either.java:43) ~[datafixerupper-6.0.8.jar:?]
	at net.minecraft.resource.DirectoryResourcePack.findResources(DirectoryResourcePack.java:100) ~[client-intermediary.jar:?]
	at net.minecraft.resource.NamespaceResourceManager.findAndAdd(NamespaceResourceManager.java:290) ~[client-intermediary.jar:?]
	at net.minecraft.resource.NamespaceResourceManager.findAllResources(NamespaceResourceManager.java:312) ~[client-intermediary.jar:?]
	at net.minecraft.resource.LifecycledResourceManagerImpl.findAllResources(LifecycledResourceManagerImpl.java:121) ~[client-intermediary.jar:?]
	at net.minecraft.resource.ReloadableResourceManagerImpl.findAllResources(ReloadableResourceManagerImpl.java:72) ~[client-intermediary.jar:?]
	at com.tom.cpm.client.CPMTagLoader.load(CPMTagLoader.java:54) ~[CustomPlayerModels-Fabric-1.20.4-0.6.15a.jar:?]
	at com.tom.cpm.client.CPMTagLoader.init(CPMTagLoader.java:36) ~[CustomPlayerModels-Fabric-1.20.4-0.6.15a.jar:?]
	at com.tom.cpm.client.CPMTagLoader.lambda$new$0(CPMTagLoader.java:31) ~[CustomPlayerModels-Fabric-1.20.4-0.6.15a.jar:?]
	at net.minecraft.util.thread.ThreadExecutor.executeTask(ThreadExecutor.java:156) ~[client-intermediary.jar:?]
	at net.minecraft.util.thread.ReentrantThreadExecutor.executeTask(ReentrantThreadExecutor.java:23) ~[client-intermediary.jar:?]
	at net.minecraft.util.thread.ThreadExecutor.runTask(ThreadExecutor.java:130) ~[client-intermediary.jar:?]
	at net.minecraft.util.thread.ThreadExecutor.runTasks(ThreadExecutor.java:115) ~[client-intermediary.jar:?]
	at net.minecraft.client.MinecraftClient.render(MinecraftClient.java:1283) ~[client-intermediary.jar:?]
	at net.minecraft.client.MinecraftClient.run(MinecraftClient.java:888) ~[client-intermediary.jar:?]
	at net.minecraft.client.main.Main.main(Main.java:265) ~[minecraft-1.20.4-client.jar:?]
	at net.fabricmc.loader.impl.game.minecraft.MinecraftGameProvider.launch(MinecraftGameProvider.java:470) ~[fabric-loader-0.15.7.jar:?]
	at net.fabricmc.loader.impl.launch.knot.Knot.launch(Knot.java:74) ~[fabric-loader-0.15.7.jar:?]
	at net.fabricmc.loader.impl.launch.knot.KnotClient.main(KnotClient.java:23) ~[fabric-loader-0.15.7.jar:?]
	at org.prismlauncher.launcher.impl.StandardLauncher.launch(StandardLauncher.java:87) ~[NewLaunch.jar:?]
	at org.prismlauncher.EntryPoint.listen(EntryPoint.java:129) ~[NewLaunch.jar:?]
	at org.prismlauncher.EntryPoint.main(EntryPoint.java:70) ~[NewLaunch.jar:?]
[03:46:04] [Render thread/INFO]: Loaded 0 built-in, 0 custom biome tags
[03:46:04] [Render thread/INFO]: Loading Xaero's Minimap - Stage 2/2
[03:46:04] [Render thread/INFO]: Registered player tracker system: minimap_synced
[03:46:04] [Render thread/INFO]: Xaero's Minimap: World Map found!
[03:46:04] [Render thread/INFO]: No Optifine!
[03:46:04] [Render thread/INFO]: Xaero's Minimap: No Vivecraft!
[03:46:04] [Render thread/INFO]: Xaero's Minimap: Iris found!
[03:46:05] [Worker-Main-1/INFO]: [SSPB] Modded dirt path rendering detected. Option to toggle vanilla path block lighting is disabled.
[03:46:05] [Render thread/ERROR]: Failed to list path /workspace/PrismLauncher/instances/1.20.4/.minecraft/resourcepacks/BlenderRP 1.19.4/assets/.mcassetsroot/textures/gui/images
java.nio.file.FileSystemException: /workspace/PrismLauncher/instances/1.20.4/.minecraft/resourcepacks/BlenderRP 1.19.4/assets/.mcassetsroot/textures/gui/images: Not a directory
	at sun.nio.fs.UnixException.translateToIOException(UnixException.java:100) ~[?:?]
	at sun.nio.fs.UnixException.rethrowAsIOException(UnixException.java:106) ~[?:?]
	at sun.nio.fs.UnixException.rethrowAsIOException(UnixException.java:111) ~[?:?]
	at sun.nio.fs.UnixFileAttributeViews$Basic.readAttributes(UnixFileAttributeViews.java:55) ~[?:?]
	at sun.nio.fs.UnixFileSystemProvider.readAttributes(UnixFileSystemProvider.java:148) ~[?:?]
	at sun.nio.fs.LinuxFileSystemProvider.readAttributes(LinuxFileSystemProvider.java:99) ~[?:?]
	at java.nio.file.Files.readAttributes(Files.java:1851) ~[?:?]
	at java.nio.file.FileTreeWalker.getAttributes(FileTreeWalker.java:220) ~[?:?]
	at java.nio.file.FileTreeWalker.visit(FileTreeWalker.java:277) ~[?:?]
	at java.nio.file.FileTreeWalker.walk(FileTreeWalker.java:323) ~[?:?]
	at java.nio.file.FileTreeIterator.<init>(FileTreeIterator.java:71) ~[?:?]
	at java.nio.file.Files.find(Files.java:4036) ~[?:?]
	at net.minecraft.resource.DirectoryResourcePack.findResources(DirectoryResourcePack.java:111) ~[client-intermediary.jar:?]
	at net.minecraft.resource.DirectoryResourcePack.method_45181(DirectoryResourcePack.java:102) ~[client-intermediary.jar:?]
	at com.mojang.datafixers.util.Either$Left.ifLeft(Either.java:43) ~[datafixerupper-6.0.8.jar:?]
	at net.minecraft.resource.DirectoryResourcePack.findResources(DirectoryResourcePack.java:100) ~[client-intermediary.jar:?]
	at net.minecraft.resource.NamespaceResourceManager.findResources(NamespaceResourceManager.java:202) ~[client-intermediary.jar:?]
	at net.minecraft.resource.LifecycledResourceManagerImpl.findResources(LifecycledResourceManagerImpl.java:107) ~[client-intermediary.jar:?]
	at net.minecraft.resource.ReloadableResourceManagerImpl.findResources(ReloadableResourceManagerImpl.java:67) ~[client-intermediary.jar:?]
	at net.minecraft.client.realms.gui.screen.BuyRealmsScreen.refreshImages(BuyRealmsScreen.java:71) ~[client-intermediary.jar:?]
	at net.minecraft.client.texture.TextureManager.method_18167(TextureManager.java:186) ~[client-intermediary.jar:?]
	at java.util.concurrent.CompletableFuture$UniAccept.tryFire(CompletableFuture.java:718) ~[?:?]
	at java.util.concurrent.CompletableFuture$Completion.run(CompletableFuture.java:482) ~[?:?]
	at com.mojang.blaze3d.systems.RenderSystem.replayQueue(RenderSystem.java:227) ~[client-intermediary.jar:?]
	at com.mojang.blaze3d.systems.RenderSystem.flipFrame(RenderSystem.java:214) ~[client-intermediary.jar:?]
	at net.minecraft.client.util.Window.swapBuffers(Window.java:287) ~[client-intermediary.jar:?]
	at net.minecraft.client.MinecraftClient.render(MinecraftClient.java:1349) ~[client-intermediary.jar:?]
	at net.minecraft.client.MinecraftClient.run(MinecraftClient.java:888) ~[client-intermediary.jar:?]
	at net.minecraft.client.main.Main.main(Main.java:265) ~[minecraft-1.20.4-client.jar:?]
	at net.fabricmc.loader.impl.game.minecraft.MinecraftGameProvider.launch(MinecraftGameProvider.java:470) ~[fabric-loader-0.15.7.jar:?]
	at net.fabricmc.loader.impl.launch.knot.Knot.launch(Knot.java:74) ~[fabric-loader-0.15.7.jar:?]
	at net.fabricmc.loader.impl.launch.knot.KnotClient.main(KnotClient.java:23) ~[fabric-loader-0.15.7.jar:?]
	at org.prismlauncher.launcher.impl.StandardLauncher.launch(StandardLauncher.java:87) ~[NewLaunch.jar:?]
	at org.prismlauncher.EntryPoint.listen(EntryPoint.java:129) ~[NewLaunch.jar:?]
	at org.prismlauncher.EntryPoint.main(EntryPoint.java:70) ~[NewLaunch.jar:?]
[03:46:05] [Render thread/WARN]: Missing sound for event: minecraft:item.goat_horn.play
[03:46:05] [Render thread/WARN]: Missing sound for event: minecraft:entity.goat.screaming.horn_break
[03:46:05] [Render thread/WARN]: Missing sound for event: minecraft:entity.generic.wind_burst
[03:46:05] [Render thread/ERROR]: Error starting SoundSystem. Turning off sounds & music
java.lang.IllegalStateException: Failed to open OpenAL device
	at net.minecraft.client.sound.SoundEngine.openDeviceOrFallback(SoundEngine.java:302) ~[client-intermediary.jar:?]
	at net.minecraft.client.sound.SoundEngine.init(SoundEngine.java:154) ~[client-intermediary.jar:?]
	at net.minecraft.client.sound.SoundSystem.start(SoundSystem.java:116) ~[client-intermediary.jar:?]
	at net.minecraft.client.sound.SoundSystem.reloadSounds(SoundSystem.java:106) ~[client-intermediary.jar:?]
	at net.minecraft.client.sound.SoundManager.apply(SoundManager.java:126) ~[client-intermediary.jar:?]
	at net.minecraft.client.sound.SoundManager.apply(SoundManager.java:41) ~[client-intermediary.jar:?]
	at net.minecraft.resource.SinglePreparationResourceReloader.method_18790(SinglePreparationResourceReloader.java:13) ~[client-intermediary.jar:?]
	at java.util.concurrent.CompletableFuture$UniAccept.tryFire(CompletableFuture.java:718) ~[?:?]
	at java.util.concurrent.CompletableFuture$Completion.run(CompletableFuture.java:482) ~[?:?]
	at net.minecraft.resource.SimpleResourceReload.method_18365(SimpleResourceReload.java:69) ~[client-intermediary.jar:?]
	at net.minecraft.util.thread.ThreadExecutor.executeTask(ThreadExecutor.java:156) ~[client-intermediary.jar:?]
	at net.minecraft.util.thread.ReentrantThreadExecutor.executeTask(ReentrantThreadExecutor.java:23) ~[client-intermediary.jar:?]
	at net.minecraft.util.thread.ThreadExecutor.runTask(ThreadExecutor.java:130) ~[client-intermediary.jar:?]
	at net.minecraft.util.thread.ThreadExecutor.runTasks(ThreadExecutor.java:115) ~[client-intermediary.jar:?]
	at net.minecraft.client.MinecraftClient.render(MinecraftClient.java:1283) ~[client-intermediary.jar:?]
	at net.minecraft.client.MinecraftClient.run(MinecraftClient.java:888) ~[client-intermediary.jar:?]
	at net.minecraft.client.main.Main.main(Main.java:265) ~[minecraft-1.20.4-client.jar:?]
	at net.fabricmc.loader.impl.game.minecraft.MinecraftGameProvider.launch(MinecraftGameProvider.java:470) ~[fabric-loader-0.15.7.jar:?]
	at net.fabricmc.loader.impl.launch.knot.Knot.launch(Knot.java:74) ~[fabric-loader-0.15.7.jar:?]
	at net.fabricmc.loader.impl.launch.knot.KnotClient.main(KnotClient.java:23) ~[fabric-loader-0.15.7.jar:?]
	at org.prismlauncher.launcher.impl.StandardLauncher.launch(StandardLauncher.java:87) ~[NewLaunch.jar:?]
	at org.prismlauncher.EntryPoint.listen(EntryPoint.java:129) ~[NewLaunch.jar:?]
	at org.prismlauncher.EntryPoint.main(EntryPoint.java:70) ~[NewLaunch.jar:?]
[03:46:05] [Render thread/INFO]: Created: 1024x1024x3 minecraft:textures/atlas/blocks.png-atlas
[03:46:05] [Render thread/INFO]: Created: 256x256x4 minecraft:textures/atlas/signs.png-atlas
[03:46:05] [Render thread/INFO]: Created: 512x512x4 minecraft:textures/atlas/banner_patterns.png-atlas
[03:46:05] [Render thread/INFO]: Created: 512x512x4 minecraft:textures/atlas/shield_patterns.png-atlas
[03:46:05] [Render thread/INFO]: Created: 1024x1024x4 minecraft:textures/atlas/armor_trims.png-atlas
[03:46:05] [Render thread/INFO]: Created: 256x256x4 minecraft:textures/atlas/chest.png-atlas
[03:46:05] [Render thread/INFO]: Created: 128x64x4 minecraft:textures/atlas/decorated_pot.png-atlas
[03:46:05] [Render thread/INFO]: Created: 512x256x4 minecraft:textures/atlas/shulker_boxes.png-atlas
[03:46:05] [Render thread/INFO]: Created: 512x256x4 minecraft:textures/atlas/beds.png-atlas
[03:46:06] [Render thread/WARN]: Shader rendertype_entity_translucent_emissive could not find sampler named Sampler2 in the specified shader program.
[03:46:06] [Render thread/INFO]: Created: 512x256x0 minecraft:textures/atlas/particles.png-atlas
[03:46:06] [Render thread/INFO]: Created: 256x256x0 minecraft:textures/atlas/paintings.png-atlas
[03:46:06] [Render thread/INFO]: Created: 256x128x0 minecraft:textures/atlas/mob_effects.png-atlas
[03:46:06] [Render thread/INFO]: Created: 1024x512x0 minecraft:textures/atlas/gui.png-atlas
[03:46:06] [Render thread/INFO]: Created: 256x128x0 jei:textures/atlas/gui.png-atlas
[03:46:06] [Render thread/INFO]: Created: 256x256x0 moonlight:textures/atlas/map_markers.png-atlas
[03:46:06] [Render thread/ERROR]: Failed to list path /workspace/PrismLauncher/instances/1.20.4/.minecraft/resourcepacks/BlenderRP 1.19.4/assets/.mcassetsroot/dynamiclights/item
java.nio.file.FileSystemException: /workspace/PrismLauncher/instances/1.20.4/.minecraft/resourcepacks/BlenderRP 1.19.4/assets/.mcassetsroot/dynamiclights/item: Not a directory
	at sun.nio.fs.UnixException.translateToIOException(UnixException.java:100) ~[?:?]
	at sun.nio.fs.UnixException.rethrowAsIOException(UnixException.java:106) ~[?:?]
	at sun.nio.fs.UnixException.rethrowAsIOException(UnixException.java:111) ~[?:?]
	at sun.nio.fs.UnixFileAttributeViews$Basic.readAttributes(UnixFileAttributeViews.java:55) ~[?:?]
	at sun.nio.fs.UnixFileSystemProvider.readAttributes(UnixFileSystemProvider.java:148) ~[?:?]
	at sun.nio.fs.LinuxFileSystemProvider.readAttributes(LinuxFileSystemProvider.java:99) ~[?:?]
	at java.nio.file.Files.readAttributes(Files.java:1851) ~[?:?]
	at java.nio.file.FileTreeWalker.getAttributes(FileTreeWalker.java:220) ~[?:?]
	at java.nio.file.FileTreeWalker.visit(FileTreeWalker.java:277) ~[?:?]
	at java.nio.file.FileTreeWalker.walk(FileTreeWalker.java:323) ~[?:?]
	at java.nio.file.FileTreeIterator.<init>(FileTreeIterator.java:71) ~[?:?]
	at java.nio.file.Files.find(Files.java:4036) ~[?:?]
	at net.minecraft.resource.DirectoryResourcePack.findResources(DirectoryResourcePack.java:111) ~[client-intermediary.jar:?]
	at net.minecraft.resource.DirectoryResourcePack.method_45181(DirectoryResourcePack.java:102) ~[client-intermediary.jar:?]
	at com.mojang.datafixers.util.Either$Left.ifLeft(Either.java:43) ~[datafixerupper-6.0.8.jar:?]
	at net.minecraft.resource.DirectoryResourcePack.findResources(DirectoryResourcePack.java:100) ~[client-intermediary.jar:?]
	at net.minecraft.resource.NamespaceResourceManager.findResources(NamespaceResourceManager.java:202) ~[client-intermediary.jar:?]
	at net.minecraft.resource.LifecycledResourceManagerImpl.findResources(LifecycledResourceManagerImpl.java:107) ~[client-intermediary.jar:?]
	at dev.lambdaurora.lambdynlights.api.item.ItemLightSources.load(ItemLightSources.java:50) ~[lambdynamiclights-2.3.4+1.20.4.jar:?]
	at dev.lambdaurora.lambdynlights.LambDynLights$1.reload(LambDynLights.java:86) ~[lambdynamiclights-2.3.4+1.20.4.jar:?]
	at net.minecraft.resource.SynchronousResourceReloader.method_29490(SynchronousResourceReloader.java:15) ~[client-intermediary.jar:?]
	at java.util.concurrent.CompletableFuture$UniRun.tryFire(CompletableFuture.java:787) ~[?:?]
	at java.util.concurrent.CompletableFuture$Completion.run(CompletableFuture.java:482) ~[?:?]
	at net.minecraft.resource.SimpleResourceReload.method_18365(SimpleResourceReload.java:69) ~[client-intermediary.jar:?]
	at net.minecraft.util.thread.ThreadExecutor.executeTask(ThreadExecutor.java:156) ~[client-intermediary.jar:?]
	at net.minecraft.util.thread.ReentrantThreadExecutor.executeTask(ReentrantThreadExecutor.java:23) ~[client-intermediary.jar:?]
	at net.minecraft.util.thread.ThreadExecutor.runTask(ThreadExecutor.java:130) ~[client-intermediary.jar:?]
	at net.minecraft.util.thread.ThreadExecutor.runTasks(ThreadExecutor.java:115) ~[client-intermediary.jar:?]
	at net.minecraft.client.MinecraftClient.render(MinecraftClient.java:1283) ~[client-intermediary.jar:?]
	at net.minecraft.client.MinecraftClient.run(MinecraftClient.java:888) ~[client-intermediary.jar:?]
	at net.minecraft.client.main.Main.main(Main.java:265) ~[minecraft-1.20.4-client.jar:?]
	at net.fabricmc.loader.impl.game.minecraft.MinecraftGameProvider.launch(MinecraftGameProvider.java:470) ~[fabric-loader-0.15.7.jar:?]
	at net.fabricmc.loader.impl.launch.knot.Knot.launch(Knot.java:74) ~[fabric-loader-0.15.7.jar:?]
	at net.fabricmc.loader.impl.launch.knot.KnotClient.main(KnotClient.java:23) ~[fabric-loader-0.15.7.jar:?]
	at org.prismlauncher.launcher.impl.StandardLauncher.launch(StandardLauncher.java:87) ~[NewLaunch.jar:?]
	at org.prismlauncher.EntryPoint.listen(EntryPoint.java:129) ~[NewLaunch.jar:?]
	at org.prismlauncher.EntryPoint.main(EntryPoint.java:70) ~[NewLaunch.jar:?]
[03:46:06] [Render thread/INFO]: Successfully reloaded the minimap shaders!
[03:46:06] [Render thread/INFO]: Successfully reloaded the world map shaders!
[03:46:06] [Render thread/INFO]: Creating pipeline for dimension NamespacedId{namespace='minecraft', name='overworld'}
[03:46:06] [Render thread/INFO]: Starting custom uniform resolving
[03:46:06] [IO-Worker-1/INFO]: Could not authorize you against Realms server: Invalid session id
[03:46:06] [IO-Worker-1/ERROR]: Couldn't connect to realms
net.minecraft.client.realms.exception.RealmsServiceException: Realms authentication error with message 'Invalid session id'
	at net.minecraft.client.realms.RealmsClient.execute(RealmsClient.java:447) ~[client-intermediary.jar:?]
	at net.minecraft.client.realms.RealmsClient.clientCompatible(RealmsClient.java:232) ~[client-intermediary.jar:?]
	at net.minecraft.client.realms.RealmsAvailability.method_52627(RealmsAvailability.java:45) ~[client-intermediary.jar:?]
	at java.util.concurrent.CompletableFuture$AsyncSupply.run(CompletableFuture.java:1768) ~[?:?]
	at java.util.concurrent.ThreadPoolExecutor.runWorker(ThreadPoolExecutor.java:1136) ~[?:?]
	at java.util.concurrent.ThreadPoolExecutor$Worker.run(ThreadPoolExecutor.java:635) ~[?:?]
	at java.lang.Thread.run(Thread.java:833) ~[?:?]
[03:46:07] [Render thread/WARN]: [Patcher] gl_FragColor is not supported yet, please use gl_FragData! Assuming that the shaderpack author intended to use gl_FragData[0]...
[03:46:07] [Render thread/INFO]: [Bedrockify] The condition matches. BedrockIfy Sun Glare Shading is now disabled.
[03:46:17] [Render thread/INFO]: Connecting to 103.241.61.148, 25565
[03:46:17] [Netty Epoll Client IO #0/WARN]: Incorrect key partial_pick_ups was corrected from null to its default, true. 
[03:46:17] [Netty Epoll Client IO #0/INFO]: Loading server config for pickupnotifier
[03:46:17] [Netty Epoll Client IO #0/WARN]: Unknown custom packet payload: polymer:hello
[03:46:19] [Render thread/INFO]: Joined server with c2me:ext_render_distance_v1 support
[03:46:19] [Netty Epoll Client IO #0/WARN]: Unknown custom packet payload: inventorysorter:sync_blacklist_packet
[03:46:19] [Render thread/INFO]: New minimap session initialized!
[03:46:20] [Netty Epoll Client IO #0/INFO]: [STDERR]: io.netty.handler.codec.DecoderException: java.lang.IndexOutOfBoundsException: readerIndex(16397) + length(1) exceeds writerIndex(16397): PooledUnsafeDirectByteBuf(ridx: 16397, widx: 16397, cap: 16397)
[03:46:20] [Netty Epoll Client IO #0/INFO]: [STDERR]: 	at io.netty.handler.codec.ByteToMessageDecoder.callDecode(ByteToMessageDecoder.java:499)
[03:46:20] [Netty Epoll Client IO #0/INFO]: [STDERR]: 	at io.netty.handler.codec.ByteToMessageDecoder.channelRead(ByteToMessageDecoder.java:290)
[03:46:20] [Netty Epoll Client IO #0/INFO]: [STDERR]: 	at io.netty.channel.AbstractChannelHandlerContext.invokeChannelRead(AbstractChannelHandlerContext.java:444)
[03:46:20] [Netty Epoll Client IO #0/INFO]: [STDERR]: 	at io.netty.channel.AbstractChannelHandlerContext.invokeChannelRead(AbstractChannelHandlerContext.java:420)
[03:46:20] [Netty Epoll Client IO #0/INFO]: [STDERR]: 	at io.netty.channel.AbstractChannelHandlerContext.fireChannelRead(AbstractChannelHandlerContext.java:412)
[03:46:20] [Netty Epoll Client IO #0/INFO]: [STDERR]: 	at io.netty.handler.codec.MessageToMessageDecoder.channelRead(MessageToMessageDecoder.java:103)
[03:46:20] [Netty Epoll Client IO #0/INFO]: [STDERR]: 	at io.netty.channel.AbstractChannelHandlerContext.invokeChannelRead(AbstractChannelHandlerContext.java:444)
[03:46:20] [Netty Epoll Client IO #0/INFO]: [STDERR]: 	at io.netty.channel.AbstractChannelHandlerContext.invokeChannelRead(AbstractChannelHandlerContext.java:420)
[03:46:20] [Netty Epoll Client IO #0/INFO]: [STDERR]: 	at io.netty.channel.AbstractChannelHandlerContext.fireChannelRead(AbstractChannelHandlerContext.java:412)
[03:46:20] [Netty Epoll Client IO #0/INFO]: [STDERR]: 	at io.netty.handler.codec.ByteToMessageDecoder.fireChannelRead(ByteToMessageDecoder.java:346)
[03:46:20] [Netty Epoll Client IO #0/INFO]: [STDERR]: 	at io.netty.handler.codec.ByteToMessageDecoder.fireChannelRead(ByteToMessageDecoder.java:333)
[03:46:20] [Netty Epoll Client IO #0/INFO]: [STDERR]: 	at io.netty.handler.codec.ByteToMessageDecoder.callDecode(ByteToMessageDecoder.java:454)
[03:46:20] [Netty Epoll Client IO #0/INFO]: [STDERR]: 	at io.netty.handler.codec.ByteToMessageDecoder.channelRead(ByteToMessageDecoder.java:290)
[03:46:20] [Netty Epoll Client IO #0/INFO]: [STDERR]: 	at io.netty.channel.AbstractChannelHandlerContext.invokeChannelRead(AbstractChannelHandlerContext.java:444)
[03:46:20] [Netty Epoll Client IO #0/INFO]: [STDERR]: 	at io.netty.channel.AbstractChannelHandlerContext.invokeChannelRead(AbstractChannelHandlerContext.java:420)
[03:46:20] [Netty Epoll Client IO #0/INFO]: [STDERR]: 	at io.netty.channel.AbstractChannelHandlerContext.fireChannelRead(AbstractChannelHandlerContext.java:412)
[03:46:20] [Netty Epoll Client IO #0/INFO]: [STDERR]: 	at io.netty.handler.timeout.IdleStateHandler.channelRead(IdleStateHandler.java:286)
[03:46:20] [Netty Epoll Client IO #0/INFO]: [STDERR]: 	at io.netty.channel.AbstractChannelHandlerContext.invokeChannelRead(AbstractChannelHandlerContext.java:442)
[03:46:20] [Netty Epoll Client IO #0/INFO]: [STDERR]: 	at io.netty.channel.AbstractChannelHandlerContext.invokeChannelRead(AbstractChannelHandlerContext.java:420)
[03:46:20] [Netty Epoll Client IO #0/INFO]: [STDERR]: 	at io.netty.channel.AbstractChannelHandlerContext.fireChannelRead(AbstractChannelHandlerContext.java:412)
[03:46:20] [Netty Epoll Client IO #0/INFO]: [STDERR]: 	at io.netty.channel.DefaultChannelPipeline$HeadContext.channelRead(DefaultChannelPipeline.java:1410)
[03:46:20] [Netty Epoll Client IO #0/INFO]: [STDERR]: 	at io.netty.channel.AbstractChannelHandlerContext.invokeChannelRead(AbstractChannelHandlerContext.java:440)
[03:46:20] [Netty Epoll Client IO #0/INFO]: [STDERR]: 	at io.netty.channel.AbstractChannelHandlerContext.invokeChannelRead(AbstractChannelHandlerContext.java:420)
[03:46:20] [Netty Epoll Client IO #0/INFO]: [STDERR]: 	at io.netty.channel.DefaultChannelPipeline.fireChannelRead(DefaultChannelPipeline.java:919)
[03:46:20] [Netty Epoll Client IO #0/INFO]: [STDERR]: 	at io.netty.channel.epoll.AbstractEpollStreamChannel$EpollStreamUnsafe.epollInReady(AbstractEpollStreamChannel.java:800)
[03:46:20] [Netty Epoll Client IO #0/INFO]: [STDERR]: 	at io.netty.channel.epoll.EpollEventLoop.processReady(EpollEventLoop.java:509)
[03:46:20] [Netty Epoll Client IO #0/INFO]: [STDERR]: 	at io.netty.channel.epoll.EpollEventLoop.run(EpollEventLoop.java:407)
[03:46:20] [Netty Epoll Client IO #0/INFO]: [STDERR]: 	at io.netty.util.concurrent.SingleThreadEventExecutor$4.run(SingleThreadEventExecutor.java:997)
[03:46:20] [Netty Epoll Client IO #0/INFO]: [STDERR]: 	at io.netty.util.internal.ThreadExecutorMap$2.run(ThreadExecutorMap.java:74)
[03:46:20] [Netty Epoll Client IO #0/INFO]: [STDERR]: 	at java.base/java.lang.Thread.run(Thread.java:833)
[03:46:20] [Netty Epoll Client IO #0/INFO]: [STDERR]: Caused by: java.lang.IndexOutOfBoundsException: readerIndex(16397) + length(1) exceeds writerIndex(16397): PooledUnsafeDirectByteBuf(ridx: 16397, widx: 16397, cap: 16397)
[03:46:20] [Netty Epoll Client IO #0/INFO]: [STDERR]: 	at io.netty.buffer.AbstractByteBuf.checkReadableBytes0(AbstractByteBuf.java:1442)
[03:46:20] [Netty Epoll Client IO #0/INFO]: [STDERR]: 	at io.netty.buffer.AbstractByteBuf.readByte(AbstractByteBuf.java:730)
[03:46:20] [Netty Epoll Client IO #0/INFO]: [STDERR]: 	at io.netty.buffer.AbstractByteBuf.readBoolean(AbstractByteBuf.java:739)
[03:46:20] [Netty Epoll Client IO #0/INFO]: [STDERR]: 	at net.minecraft.class_2540.readBoolean(class_2540.java:1263)
[03:46:20] [Netty Epoll Client IO #0/INFO]: [STDERR]: 	at net.minecraft.class_2683.handler$dop000$moonlight$readExtraData(class_2683.java:584)
[03:46:20] [Netty Epoll Client IO #0/INFO]: [STDERR]: 	at net.minecraft.class_2683.<init>(class_2683.java:56)
[03:46:20] [Netty Epoll Client IO #0/INFO]: [STDERR]: 	at net.minecraft.class_2539$class_4532.method_22310(class_2539.java:513)
[03:46:20] [Netty Epoll Client IO #0/INFO]: [STDERR]: 	at net.minecraft.class_2539$class_8698.method_52923(class_2539.java:604)
[03:46:20] [Netty Epoll Client IO #0/INFO]: [STDERR]: 	at net.minecraft.class_2543.decode(class_2543.java:35)
[03:46:20] [Netty Epoll Client IO #0/INFO]: [STDERR]: 	at io.netty.handler.codec.ByteToMessageDecoder.decodeRemovalReentryProtection(ByteToMessageDecoder.java:529)
[03:46:20] [Netty Epoll Client IO #0/INFO]: [STDERR]: 	at io.netty.handler.codec.ByteToMessageDecoder.callDecode(ByteToMessageDecoder.java:468)
[03:46:20] [Netty Epoll Client IO #0/INFO]: [STDERR]: 	... 29 more
[03:46:20] [Render thread/INFO]: New world map session initialized!
[03:46:21] [Render thread/INFO]: Enforcing safe world random access
[03:46:21] [Render thread/INFO]: Reloading pipeline on dimension change: NamespacedId{namespace='minecraft', name='overworld'} => NamespacedId{namespace='minecraft', name='overworld'}
[03:46:21] [Render thread/INFO]: Destroying pipeline NamespacedId{namespace='minecraft', name='overworld'}
[03:46:21] [Render thread/INFO]: Creating pipeline for dimension NamespacedId{namespace='minecraft', name='overworld'}
[03:46:21] [Render thread/INFO]: Starting custom uniform resolving
[03:46:21] [Render thread/WARN]: [Patcher] gl_FragColor is not supported yet, please use gl_FragData! Assuming that the shaderpack author intended to use gl_FragData[0]...
[03:46:22] [Render thread/INFO]: Started 10 worker threads
[03:46:22] [Render thread/INFO]: [STDOUT]: World seems to be a replay. Not loading Baritone cache.
[03:46:22] [Render thread/INFO]: Joined server with c2me:ext_render_distance_v1 support
[03:46:22] [Render thread/INFO]: Changing view distance to 12 (play stage)
[03:46:22] [Render thread/INFO]: Stopping worker threads
[03:46:22] [Render thread/INFO]: sodiumcoreshadersupport.mixins.json:MixinGLProgram from mod sodiumcoreshadersupport->@Accessor[FIELD_GETTER]::getLOGGER()Lorg/apache/logging/log4j/Logger; should be static as its target is
[03:46:22] [Render thread/INFO]: Started 10 worker threads
[03:46:23] [Render thread/INFO]: Reloading entity icon resources...
[03:46:23] [Render thread/INFO]: Done!
[03:46:23] [Render thread/INFO]: Minimap session finalized.
[03:46:23] [Render thread/INFO]: Finalizing world map session...
[03:46:23] [Thread-10/INFO]: World map force-cleaned!
[03:46:23] [Render thread/INFO]: World map session finalized.
[03:46:23] [Render thread/INFO]: Unloading server config for pickupnotifier
[03:46:23] [Render thread/INFO]: Stopping worker threads
[03:46:23] [Render thread/WARN]: Client disconnected with reason: Internal Exception: io.netty.handler.codec.DecoderException: java.lang.IndexOutOfBoundsException: readerIndex(16397) + length(1) exceeds writerIndex(16397): PooledUnsafeDirectByteBuf(ridx: 16397, widx: 16397, cap: 16397)
